"object_key","question_index","pre_flag_reason"
"guideline-mcq:aa-amyloidosis-secondary-to-chronic-arthritis","0","evidence_consistency: Reference year(s) do not match the linked guideline excerpt (2021, 2023 vs 2022)."
"guideline-mcq:aa-amyloidosis-secondary-to-chronic-arthritis","1","evidence_consistency: The explanation admits inference, extrapolation, or incomplete source support. The question tests diagnosis, dose, management but the linked guideline excerpt addresses a different type of claim. Reference year(s) do not match the linked guideline excerpt (2021, 2023 vs 2022)."
"guideline-mcq:aa-amyloidosis-secondary-to-chronic-arthritis","2","evidence_consistency: The question tests diagnosis but the linked guideline excerpt addresses a different type of claim. Reference year(s) do not match the linked guideline excerpt (2021, 2023 vs 2022)."
"paper-mcq:aa-amyloidosis-secondary-to-chronic-arthritis","0","evidence_consistency: Low textual support from the linked guideline excerpt for the keyed option/explanation (content overlap 0%). The question tests diagnosis but the linked guideline excerpt addresses a different type of claim."
"paper-mcq:aa-amyloidosis-secondary-to-chronic-arthritis","1","evidence_consistency: The question tests diagnosis, management but the linked guideline excerpt addresses a different type of claim."
"paper-mcq:aa-amyloidosis-secondary-to-chronic-arthritis","3","evidence_consistency: Low textual support from the linked guideline excerpt for the keyed option/explanation (content overlap 7%). The question tests diagnosis but the linked guideline excerpt addresses a different type of claim."
"paper-mcq:aa-amyloidosis-secondary-to-chronic-arthritis","4","evidence_consistency: Low textual support from the linked guideline excerpt for the keyed option/explanation (content overlap 6%). The question tests management but the linked guideline excerpt addresses a different type of claim."
"paper-mcq:abatacept-in-ra-t-cell-co-stimulation-blockade-seropositive-advantage-safety-profile","0","evidence_consistency: Low textual support from the linked guideline excerpt for the keyed option/explanation (content overlap 5%)."
"paper-mcq:abatacept-in-ra-t-cell-co-stimulation-blockade-seropositive-advantage-safety-profile","1","evidence_consistency: Low textual support from the linked guideline excerpt for the keyed option/explanation (content overlap 9%)."
"paper-mcq:abatacept-in-ra-t-cell-co-stimulation-blockade-seropositive-advantage-safety-profile","2","evidence_consistency: Low textual support from the linked guideline excerpt for the keyed option/explanation (content overlap 0%)."
"paper-mcq:abatacept-in-ra-t-cell-co-stimulation-blockade-seropositive-advantage-safety-profile","3","evidence_consistency: Low textual support from the linked guideline excerpt for the keyed option/explanation (content overlap 3%)."
"paper-mcq:abatacept-in-ra-t-cell-co-stimulation-blockade-seropositive-advantage-safety-profile","4","evidence_consistency: Low textual support from the linked guideline excerpt for the keyed option/explanation (content overlap 11%)."
"guideline-mcq:abatacept-in-ra-t-cell-co-stimulation-blockade-seropositive-advantage-safety-profile","0","evidence_consistency: Low textual support from the linked guideline excerpt for the keyed option/explanation (content overlap 6%). Reference year(s) do not match the linked guideline excerpt (2022 vs 2019, 2020)."
"guideline-mcq:abatacept-in-ra-t-cell-co-stimulation-blockade-seropositive-advantage-safety-profile","2","evidence_consistency: Low textual support from the linked guideline excerpt for the keyed option/explanation (content overlap 10%). Reference year(s) do not match the linked guideline excerpt (2022 vs 2019, 2020)."
"guideline-mcq:abdominal-aortic-aneurysm-surveillance-thresholds-evar-vs-open-repair","0","evidence_consistency: The question tests diagnosis, management but the linked guideline excerpt addresses a different type of claim."
"guideline-mcq:abdominal-aortic-aneurysm-surveillance-thresholds-evar-vs-open-repair","1","evidence_consistency: Numeric recommendation absent from the linked guideline excerpt: 6 months."
"guideline-mcq:abdominal-aortic-aneurysm-surveillance-thresholds-evar-vs-open-repair","2","evidence_consistency: The question tests management but the linked guideline excerpt addresses a different type of claim. Numeric recommendation absent from the linked guideline excerpt: 5.5 cm."
"guideline-mcq:abdominal-aortic-aneurysm-surveillance-thresholds-evar-vs-open-repair","3","evidence_consistency: The question tests screening but the linked guideline excerpt addresses a different type of claim."
"cold-start-mcq:abdominal-aortic-aneurysm-surveillance-thresholds-evar-vs-open-repair","3","evidence_consistency: Low textual support from the linked guideline excerpt for the keyed option/explanation (content overlap 12%)."
"guideline-mcq:abdominal-compartment-syndrome-diagnosis-decompressive-laparotomy","0","evidence_consistency: Reference year(s) do not match the linked guideline excerpt (2023 vs 2013, 2021)."
"guideline-mcq:abdominal-compartment-syndrome-diagnosis-decompressive-laparotomy","1","evidence_consistency: Reference year(s) do not match the linked guideline excerpt (2023 vs 2004, 2013)."
"guideline-mcq:abdominal-compartment-syndrome-diagnosis-decompressive-laparotomy","2","evidence_consistency: Reference year(s) do not match the linked guideline excerpt (2018 vs 2013, 2021)."
"guideline-mcq:abdominal-compartment-syndrome-diagnosis-decompressive-laparotomy","3","evidence_consistency: Low textual support from the linked guideline excerpt for the keyed option/explanation (content overlap 9%). Numeric recommendation absent from the linked guideline excerpt: 48 hours. Reference year(s) do not match the linked guideline excerpt (2018 vs 2013, 2021)."
"paper-mcq:abdominal-compartment-syndrome-diagnosis-decompressive-laparotomy","3","evidence_consistency: Low textual support from the linked guideline excerpt for the keyed option/explanation (content overlap 11%)."
"guideline-mcq:absence-seizures-and-juvenile-myoclonic-epilepsy-jme-therapeutic-profiles","0","evidence_consistency: Low textual support from the linked guideline excerpt for the keyed option/explanation (content overlap 5%)."
"guideline-mcq:acalculous-cholecystitis","0","evidence_consistency: Low textual support from the linked guideline excerpt for the keyed option/explanation (content overlap 11%)."
"guideline-mcq:acalculous-cholecystitis","1","evidence_consistency: Low textual support from the linked guideline excerpt for the keyed option/explanation (content overlap 4%). Numeric recommendation absent from the linked guideline excerpt: 3mm."
"guideline-mcq:acalculous-cholecystitis","2","evidence_consistency: Low textual support from the linked guideline excerpt for the keyed option/explanation (content overlap 5%). The question tests dose but the linked guideline excerpt addresses a different type of claim."
"guideline-mcq:acalculous-cholecystitis","3","evidence_consistency: Low textual support from the linked guideline excerpt for the keyed option/explanation (content overlap 5%). The question tests diagnosis but the linked guideline excerpt addresses a different type of claim."
"paper-mcq:cirt-and-cantos-trials-methotrexate-and-canakinumab-for-cardiovascular-inflammation","3","evidence_consistency: Low textual support from the linked guideline excerpt for the keyed option/explanation (content overlap 10%)."
"cold-start-mcq:dyslipidaemia","3","evidence_consistency: Low textual support from the linked guideline excerpt for the keyed option/explanation (content overlap 13%)."
"paper-mcq:accelerated-atherosclerosis-in-chronic-inflammation","2","evidence_consistency: Low textual support from the linked guideline excerpt for the keyed option/explanation (content overlap 12%)."
"paper-mcq:accelerated-atherosclerosis-in-chronic-inflammation","3","evidence_consistency: Low textual support from the linked guideline excerpt for the keyed option/explanation (content overlap 11%)."
"cold-start-mcq:hyperkalemia-diagnosis-and-management","2","evidence_consistency: Low textual support from the linked guideline excerpt for the keyed option/explanation (content overlap 8%)."
"paper-mcq:ace-inhibitors-and-arbs-in-cardiovascular-disease-renal-monitoring-hyperkalaemia","0","evidence_consistency: Low textual support from the linked guideline excerpt for the keyed option/explanation (content overlap 4%). The question tests prognosis but the linked guideline excerpt addresses a different type of claim."
"paper-mcq:ace-inhibitors-and-arbs-in-cardiovascular-disease-renal-monitoring-hyperkalaemia","1","evidence_consistency: Low textual support from the linked guideline excerpt for the keyed option/explanation (content overlap 10%)."
"paper-mcq:ace-inhibitors-and-arbs-in-cardiovascular-disease-renal-monitoring-hyperkalaemia","2","evidence_consistency: The question tests screening but the linked guideline excerpt addresses a different type of claim."
"paper-mcq:achalasia","0","evidence_consistency: Low textual support from the linked guideline excerpt for the keyed option/explanation (content overlap 14%). Numeric recommendation absent from the linked guideline excerpt: 157 months, 240 months, 49 years."
"paper-mcq:achalasia","1","evidence_consistency: Low textual support from the linked guideline excerpt for the keyed option/explanation (content overlap 9%). Numeric recommendation absent from the linked guideline excerpt: 312 hours, 39 hours."
"paper-mcq:achalasia","2","evidence_consistency: Low textual support from the linked guideline excerpt for the keyed option/explanation (content overlap 12%)."
"paper-mcq:achalasia","3","evidence_consistency: Low textual support from the linked guideline excerpt for the keyed option/explanation (content overlap 14%). The question tests screening but the linked guideline excerpt addresses a different type of claim."
"guideline-mcq:Achalasia-endoscopic-and-surgical-therapy","0","evidence_consistency: Low textual support from the linked guideline excerpt for the keyed option/explanation (content overlap 10%)."
"guideline-mcq:acls-algorithms","0","evidence_consistency: Low textual support from the linked guideline excerpt for the keyed option/explanation (content overlap 5%). Numeric recommendation absent from the linked guideline excerpt: 1 mg. Reference year(s) do not match the linked guideline excerpt (2020 vs 2025)."
"guideline-mcq:acls-algorithms","4","evidence_consistency: Low textual support from the linked guideline excerpt for the keyed option/explanation (content overlap 3%). Reference year(s) do not match the linked guideline excerpt (2020 vs 2025)."
"cold-start-mcq:acls-algorithms","0","evidence_consistency: Low textual support from the linked guideline excerpt for the keyed option/explanation (content overlap 0%). The question tests diagnosis but the linked guideline excerpt addresses a different type of claim."
"cold-start-mcq:acls-algorithms","4","evidence_consistency: Low textual support from the linked guideline excerpt for the keyed option/explanation (content overlap 8%)."
"guideline-mcq:Acromegaly-somatostatin-analog-therapy","2","evidence_consistency: Low textual support from the linked guideline excerpt for the keyed option/explanation (content overlap 8%)."
"guideline-mcq:hypopituitarism-causes-axis-by-axis-replacement-insulin-tolerance-test","3","evidence_consistency: Low textual support from the linked guideline excerpt for the keyed option/explanation (content overlap 3%)."
"paper-mcq:acromegaly-igf-1-elevation-gh-suppression-test-somatostatin-analogues-pegvisomant","1","evidence_consistency: Low textual support from the linked guideline excerpt for the keyed option/explanation (content overlap 14%)."
"paper-mcq:acromegaly-igf-1-elevation-gh-suppression-test-somatostatin-analogues-pegvisomant","2","evidence_consistency: Low textual support from the linked guideline excerpt for the keyed option/explanation (content overlap 11%)."
"paper-mcq:acromegaly-igf-1-elevation-gh-suppression-test-somatostatin-analogues-pegvisomant","4","evidence_consistency: Low textual support from the linked guideline excerpt for the keyed option/explanation (content overlap 10%)."
"cold-start-mcq:latent-tuberculosis","0","evidence_consistency: Low textual support from the linked guideline excerpt for the keyed option/explanation (content overlap 0%)."
"cold-start-mcq:latent-tuberculosis","1","evidence_consistency: Low textual support from the linked guideline excerpt for the keyed option/explanation (content overlap 7%). Numeric recommendation absent from the linked guideline excerpt: 10 weeks, 8 weeks."
"cold-start-mcq:latent-tuberculosis","3","evidence_consistency: Low textual support from the linked guideline excerpt for the keyed option/explanation (content overlap 0%)."
"cold-start-mcq:latent-tuberculosis","4","evidence_consistency: Low textual support from the linked guideline excerpt for the keyed option/explanation (content overlap 8%)."
"cold-start-mcq:active-tuberculosis","0","evidence_consistency: Low textual support from the linked guideline excerpt for the keyed option/explanation (content overlap 14%)."
"cold-start-mcq:active-tuberculosis","1","evidence_consistency: Low textual support from the linked guideline excerpt for the keyed option/explanation (content overlap 12%)."
"cold-start-mcq:active-tuberculosis","2","evidence_consistency: Low textual support from the linked guideline excerpt for the keyed option/explanation (content overlap 0%). The question tests screening but the linked guideline excerpt addresses a different type of claim."
"cold-start-mcq:active-tuberculosis","4","evidence_consistency: Low textual support from the linked guideline excerpt for the keyed option/explanation (content overlap 4%). The question tests diagnosis, management, prognosis but the linked guideline excerpt addresses a different type of claim."
"guideline-mcq:active-tuberculosis","0","evidence_consistency: Low textual support from the linked guideline excerpt for the keyed option/explanation (content overlap 3%). Reference year(s) do not match the linked guideline excerpt (2025 vs 2016, 2026)."
"paper-mcq:tuberculosis-active-vs-latent-tb-mantoux-igra-nice-guidance-contact-tracing","1","evidence_consistency: Low textual support from the linked guideline excerpt for the keyed option/explanation (content overlap 15%)."
"paper-mcq:infectious-mononucleosis-complications-airway-obstruction-haematological-neurological-splenic-rupture","2","evidence_consistency: Low textual support from the linked guideline excerpt for the keyed option/explanation (content overlap 10%)."
"paper-mcq:low-back-pain-and-sciatica","2","evidence_consistency: Low textual support from the linked guideline excerpt for the keyed option/explanation (content overlap 11%). The question tests dose, management but the linked guideline excerpt addresses a different type of claim."
"paper-mcq:acute-and-chronic-pain-assessment-and-opioid-safety","2","evidence_consistency: Low textual support from the linked guideline excerpt for the keyed option/explanation (content overlap 11%). The question tests management, prognosis but the linked guideline excerpt addresses a different type of claim."
"guideline-mcq:acute-and-recurrent-pericarditis-colchicine","0","evidence_consistency: Low textual support from the linked guideline excerpt for the keyed option/explanation (content overlap 15%). The question tests diagnosis, dose but the linked guideline excerpt addresses a different type of claim. Numeric recommendation absent from the linked guideline excerpt: 0.6 mg, 70 kg, 82 kg."
"guideline-mcq:acute-and-recurrent-pericarditis-colchicine","1","evidence_consistency: Low textual support from the linked guideline excerpt for the keyed option/explanation (content overlap 8%). Numeric recommendation absent from the linked guideline excerpt: 28 mL."
"guideline-mcq:acute-and-recurrent-pericarditis-colchicine","2","evidence_consistency: Low textual support from the linked guideline excerpt for the keyed option/explanation (content overlap 11%)."
"guideline-mcq:acute-and-recurrent-pericarditis-colchicine","3","evidence_consistency: Low textual support from the linked guideline excerpt for the keyed option/explanation (content overlap 11%). The question tests diagnosis, dose but the linked guideline excerpt addresses a different type of claim. Numeric recommendation absent from the linked guideline excerpt: 0.6 mg, 70 kg."
"guideline-mcq:Acute-and-recurrent-pericarditis-colchicine","2","evidence_consistency: Low textual support from the linked guideline excerpt for the keyed option/explanation (content overlap 5%). The question tests dose but the linked guideline excerpt addresses a different type of claim. Numeric recommendation absent from the linked guideline excerpt: 60 mL."
"guideline-mcq:Acute-aortic-dissection-diagnosis-and-management","2","evidence_consistency: Low textual support from the linked guideline excerpt for the keyed option/explanation (content overlap 4%). The question tests management but the linked guideline excerpt addresses a different type of claim."
"guideline-mcq:acute-aortic-dissection-stanford-classification-imaging-surgical-vs-medical-management","3","evidence_consistency: The question tests diagnosis but the linked guideline excerpt addresses a different type of claim."
"paper-mcq:acute-aortic-dissection-stanford-classification-imaging-surgical-vs-medical-management","0","evidence_consistency: Low textual support from the linked guideline excerpt for the keyed option/explanation (content overlap 13%)."
"paper-mcq:acute-aortic-dissection-stanford-classification-imaging-surgical-vs-medical-management","1","evidence_consistency: The explanation admits inference, extrapolation, or incomplete source support."
"guideline-mcq:coronary-angiography-timing-after-cardiac-arrest","2","evidence_consistency: The question tests diagnosis but the linked guideline excerpt addresses a different type of claim."
"guideline-mcq:Acute-aortic-dissection-diagnosis-and-management","0","evidence_consistency: Low textual support from the linked guideline excerpt for the keyed option/explanation (content overlap 12%)."
"guideline-mcq:Acute-aortic-dissection-diagnosis-and-management","1","evidence_consistency: The question tests management but the linked guideline excerpt addresses a different type of claim."
"guideline-mcq:acute-aortic-syndromes-in-the-icu-dissection-intramural-haematoma","0","evidence_consistency: Low textual support from the linked guideline excerpt for the keyed option/explanation (content overlap 6%)."
"guideline-mcq:acute-aortic-syndromes-in-the-icu-dissection-intramural-haematoma","1","evidence_consistency: Low textual support from the linked guideline excerpt for the keyed option/explanation (content overlap 8%)."
"guideline-mcq:acute-aortic-syndromes-in-the-icu-dissection-intramural-haematoma","2","evidence_consistency: Low textual support from the linked guideline excerpt for the keyed option/explanation (content overlap 7%)."
"guideline-mcq:acute-aortic-syndromes-in-the-icu-dissection-intramural-haematoma","3","evidence_consistency: Low textual support from the linked guideline excerpt for the keyed option/explanation (content overlap 12%)."
"cold-start-mcq:acute-bacterial-meningitis-adjunctive-dexamethasone-neurologic-outcomes","0","evidence_consistency: Low textual support from the linked guideline excerpt for the keyed option/explanation (content overlap 6%)."
"cold-start-mcq:acute-bacterial-meningitis-adjunctive-dexamethasone-neurologic-outcomes","1","evidence_consistency: Low textual support from the linked guideline excerpt for the keyed option/explanation (content overlap 7%). The question tests diagnosis, prognosis but the linked guideline excerpt addresses a different type of claim."
"cold-start-mcq:acute-bacterial-meningitis-adjunctive-dexamethasone-neurologic-outcomes","2","evidence_consistency: Low textual support from the linked guideline excerpt for the keyed option/explanation (content overlap 4%)."
"cold-start-mcq:acute-bacterial-meningitis-adjunctive-dexamethasone-neurologic-outcomes","4","evidence_consistency: Low textual support from the linked guideline excerpt for the keyed option/explanation (content overlap 11%). The question tests diagnosis but the linked guideline excerpt addresses a different type of claim."
"cold-start-mcq:acute-bacterial-meningitis-empiric-therapy-and-dexamethasone","2","evidence_consistency: Low textual support from the linked guideline excerpt for the keyed option/explanation (content overlap 5%)."
"cold-start-mcq:acute-bacterial-meningitis-empiric-therapy-and-dexamethasone","4","evidence_consistency: Low textual support from the linked guideline excerpt for the keyed option/explanation (content overlap 12%)."
"cold-start-mcq:acute-bacterial-meningitis-adjunctive-dexamethasone","1","evidence_consistency: Low textual support from the linked guideline excerpt for the keyed option/explanation (content overlap 14%)."
"guideline-mcq:acute-bacterial-meningitis-empiric-therapy-and-dexamethasone","2","evidence_consistency: Low textual support from the linked guideline excerpt for the keyed option/explanation (content overlap 12%). Reference year(s) do not match the linked guideline excerpt (2007 vs 2016)."
"guideline-mcq:acute-bacterial-meningitis-empiric-therapy-and-dexamethasone","3","evidence_consistency: Low textual support from the linked guideline excerpt for the keyed option/explanation (content overlap 12%). Reference year(s) do not match the linked guideline excerpt (2007 vs 2016)."
"guideline-mcq:Acute-bacterial-meningitis-adjunctive-dexamethasone","1","evidence_consistency: Numeric recommendation absent from the linked guideline excerpt: 10 mg, 4 days, 6 hours."
"guideline-mcq:acute-cholangitis","1","evidence_consistency: The question tests diagnosis, dose, management but the linked guideline excerpt addresses a different type of claim."
"paper-mcq:acute-cholangitis","0","evidence_consistency: The question tests prognosis but the linked guideline excerpt addresses a different type of claim."
"paper-mcq:acute-cholangitis","2","evidence_consistency: Low textual support from the linked guideline excerpt for the keyed option/explanation (content overlap 6%)."
"guideline-mcq:acute-cholecystitis-and-ascending-cholangitis-tokyo-guidelines-management","0","evidence_consistency: Low textual support from the linked guideline excerpt for the keyed option/explanation (content overlap 9%)."
"paper-mcq:acute-abdomen-and-common-surgical-emergencies","3","evidence_consistency: Low textual support from the linked guideline excerpt for the keyed option/explanation (content overlap 0%)."
"guideline-mcq:antimicrobial-resistance-burden","1","evidence_consistency: Low textual support from the linked guideline excerpt for the keyed option/explanation (content overlap 8%). Reference year(s) do not match the linked guideline excerpt (2008 vs 2017)."
"cold-start-mcq:acute-cholecystitis","0","evidence_consistency: Low textual support from the linked guideline excerpt for the keyed option/explanation (content overlap 14%). The question tests prognosis but the linked guideline excerpt addresses a different type of claim. Numeric recommendation absent from the linked guideline excerpt: 3.5mm."
"cold-start-mcq:acute-cholecystitis","2","evidence_consistency: Low textual support from the linked guideline excerpt for the keyed option/explanation (content overlap 6%)."
"cold-start-mcq:acute-cholecystitis","4","evidence_consistency: Low textual support from the linked guideline excerpt for the keyed option/explanation (content overlap 8%). The question tests prognosis, screening but the linked guideline excerpt addresses a different type of claim."
"paper-mcq:acalculous-cholecystitis","0","evidence_consistency: Low textual support from the linked guideline excerpt for the keyed option/explanation (content overlap 6%). The question tests prognosis but the linked guideline excerpt addresses a different type of claim."
"paper-mcq:acalculous-cholecystitis","2","evidence_consistency: Low textual support from the linked guideline excerpt for the keyed option/explanation (content overlap 0%). The question tests diagnosis but the linked guideline excerpt addresses a different type of claim."
"paper-mcq:acute-cholecystitis","1","evidence_consistency: The explanation admits inference, extrapolation, or incomplete source support."
"paper-mcq:acute-cholecystitis","2","evidence_consistency: The question tests management but the linked guideline excerpt addresses a different type of claim."
"paper-mcq:acute-cholecystitis","3","evidence_consistency: The question tests management, prognosis but the linked guideline excerpt addresses a different type of claim."
"cold-start-mcq:acute-coronary-syndrome-diagnosis-and-management","1","evidence_consistency: Low textual support from the linked guideline excerpt for the keyed option/explanation (content overlap 4%)."
"cold-start-mcq:heart-failure-with-preserved-ejection-fraction","3","evidence_consistency: Low textual support from the linked guideline excerpt for the keyed option/explanation (content overlap 10%)."
"guideline-mcq:acute-decompensated-heart-failure-diuretic-titration-and-decongestion-strategies","0","evidence_consistency: Numeric recommendation absent from the linked guideline excerpt: 40 mg, 80 mg."
"guideline-mcq:acute-decompensated-heart-failure-diuretic-titration-and-decongestion-strategies","1","evidence_consistency: Numeric recommendation absent from the linked guideline excerpt: 5 mg."
"guideline-mcq:nitrate-therapy-gtn-isosorbide-mononitrate-tolerance-combination-use","1","evidence_consistency: Reference year(s) do not match the linked guideline excerpt (2017 vs 2020)."
"paper-mcq:congestive-heart-failure","1","evidence_consistency: Low textual support from the linked guideline excerpt for the keyed option/explanation (content overlap 8%)."
"guideline-mcq:adult-congenital-heart-disease-eisenmenger-syndrome-residual-lesions-transition-care","0","evidence_consistency: The question tests diagnosis but the linked guideline excerpt addresses a different type of claim."
"paper-mcq:intravenous-fluid-prescribing-and-fluid-balance-management","2","evidence_consistency: Numeric recommendation absent from the linked guideline excerpt: 1 kg, 1.5 L, 100 mg, 1000 mL, 2 L."
"guideline-mcq:Acute-decompensated-heart-failure-decongestion","2","evidence_consistency: Numeric recommendation absent from the linked guideline excerpt: 2 kg."
"guideline-mcq:acute-disseminated-encephalomyelitis-adem-paediatric-predominance-mri-characteristics","0","evidence_consistency: Low textual support from the linked guideline excerpt for the keyed option/explanation (content overlap 13%). The question tests diagnosis but the linked guideline excerpt addresses a different type of claim."
"guideline-mcq:acute-disseminated-encephalomyelitis-adem-paediatric-predominance-mri-characteristics","1","evidence_consistency: The question tests diagnosis but the linked guideline excerpt addresses a different type of claim."
"guideline-mcq:acute-disseminated-encephalomyelitis-adem-paediatric-predominance-mri-characteristics","2","evidence_consistency: The question tests diagnosis but the linked guideline excerpt addresses a different type of claim."
"guideline-mcq:Acute-exacerbation-of-idiopathic-pulmonary-fibrosis","0","evidence_consistency: Low textual support from the linked guideline excerpt for the keyed option/explanation (content overlap 13%). The question tests dose, management but the linked guideline excerpt addresses a different type of claim."
"guideline-mcq:Acute-exacerbation-of-idiopathic-pulmonary-fibrosis","1","evidence_consistency: The question tests diagnosis but the linked guideline excerpt addresses a different type of claim."
"guideline-mcq:Acute-exacerbation-of-idiopathic-pulmonary-fibrosis","2","evidence_consistency: Low textual support from the linked guideline excerpt for the keyed option/explanation (content overlap 11%). The question tests dose, prognosis but the linked guideline excerpt addresses a different type of claim."
"cold-start-mcq:prognosis-of-idiopathic-pulmonary-fibrosis","0","evidence_consistency: Low textual support from the linked guideline excerpt for the keyed option/explanation (content overlap 12%). The question tests prognosis but the linked guideline excerpt addresses a different type of claim."
"paper-mcq:acute-gout-attack-in-hospital-colchicine-contraindications-iv-corticosteroids-il-1-inhibition","0","evidence_consistency: Low textual support from the linked guideline excerpt for the keyed option/explanation (content overlap 7%)."
"paper-mcq:acute-gout-attack-in-hospital-colchicine-contraindications-iv-corticosteroids-il-1-inhibition","1","evidence_consistency: Low textual support from the linked guideline excerpt for the keyed option/explanation (content overlap 12%)."
"paper-mcq:acute-gout-attack-in-hospital-colchicine-contraindications-iv-corticosteroids-il-1-inhibition","4","evidence_consistency: Low textual support from the linked guideline excerpt for the keyed option/explanation (content overlap 3%)."
"guideline-mcq:acute-gouty-arthritis","0","evidence_consistency: Low textual support from the linked guideline excerpt for the keyed option/explanation (content overlap 3%). The question tests management but the linked guideline excerpt addresses a different type of claim."
"guideline-mcq:acute-gouty-arthritis","1","evidence_consistency: Low textual support from the linked guideline excerpt for the keyed option/explanation (content overlap 12%)."
"guideline-mcq:acute-gouty-arthritis","2","evidence_consistency: Low textual support from the linked guideline excerpt for the keyed option/explanation (content overlap 10%)."
"guideline-mcq:monoarthritis-differential-diagnosis-crystal-septic-reactive-seronegative-trauma","0","evidence_consistency: Low textual support from the linked guideline excerpt for the keyed option/explanation (content overlap 15%). The question tests management but the linked guideline excerpt addresses a different type of claim."
"paper-mcq:chronic-tophaceous-gout","3","evidence_consistency: Low textual support from the linked guideline excerpt for the keyed option/explanation (content overlap 15%). Numeric recommendation absent from the linked guideline excerpt: 6 months."
"paper-mcq:delayed-haemolytic-transfusion-reactions","0","evidence_consistency: Low textual support from the linked guideline excerpt for the keyed option/explanation (content overlap 9%). Numeric recommendation absent from the linked guideline excerpt: 10 days, 5.4 days."
"paper-mcq:delayed-haemolytic-transfusion-reactions","1","evidence_consistency: Low textual support from the linked guideline excerpt for the keyed option/explanation (content overlap 5%). The question tests diagnosis but the linked guideline excerpt addresses a different type of claim."
"paper-mcq:delayed-haemolytic-transfusion-reactions","2","evidence_consistency: Low textual support from the linked guideline excerpt for the keyed option/explanation (content overlap 10%)."
"paper-mcq:delayed-haemolytic-transfusion-reactions","4","evidence_consistency: Low textual support from the linked guideline excerpt for the keyed option/explanation (content overlap 12%)."
"paper-mcq:acute-haemolytic-transfusion-reactions","0","evidence_consistency: Low textual support from the linked guideline excerpt for the keyed option/explanation (content overlap 10%)."
"guideline-mcq:acute-haemolytic-transfusion-reactions","0","evidence_consistency: The question tests management, screening but the linked guideline excerpt addresses a different type of claim."
"cold-start-mcq:management-of-atrial-fibrillation-with-rapid-ventricular-response-in-the-ed","0","evidence_consistency: Low textual support from the linked guideline excerpt for the keyed option/explanation (content overlap 13%)."
"cold-start-mcq:acute-heart-failure-decompensation","0","evidence_consistency: Low textual support from the linked guideline excerpt for the keyed option/explanation (content overlap 5%). The question tests prognosis but the linked guideline excerpt addresses a different type of claim."
"cold-start-mcq:acute-heart-failure-decompensation","1","evidence_consistency: Low textual support from the linked guideline excerpt for the keyed option/explanation (content overlap 8%). The question tests prognosis but the linked guideline excerpt addresses a different type of claim."
"cold-start-mcq:acute-heart-failure-decompensation","2","evidence_consistency: Low textual support from the linked guideline excerpt for the keyed option/explanation (content overlap 12%). The question tests management but the linked guideline excerpt addresses a different type of claim."
"cold-start-mcq:acute-heart-failure-decompensation","4","evidence_consistency: Low textual support from the linked guideline excerpt for the keyed option/explanation (content overlap 6%). The question tests prognosis but the linked guideline excerpt addresses a different type of claim."
"paper-mcq:stroke-and-tia","1","evidence_consistency: Low textual support from the linked guideline excerpt for the keyed option/explanation (content overlap 15%)."
"guideline-mcq:tissue-plasminogen-activator-acute-ischemic-stroke","0","evidence_consistency: The question tests dose but the linked guideline excerpt addresses a different type of claim. Numeric recommendation absent from the linked guideline excerpt: 0.9 mg, 1 hour, 90 mg."
"guideline-mcq:tissue-plasminogen-activator-acute-ischemic-stroke","1","evidence_consistency: Low textual support from the linked guideline excerpt for the keyed option/explanation (content overlap 14%). Numeric recommendation absent from the linked guideline excerpt: 4.5 hours."
"guideline-mcq:tissue-plasminogen-activator-acute-ischemic-stroke","2","evidence_consistency: Low textual support from the linked guideline excerpt for the keyed option/explanation (content overlap 4%)."
"guideline-mcq:tissue-plasminogen-activator-acute-ischemic-stroke","4","evidence_consistency: Low textual support from the linked guideline excerpt for the keyed option/explanation (content overlap 6%). The question tests screening but the linked guideline excerpt addresses a different type of claim. Numeric recommendation absent from the linked guideline excerpt: 24 hours."
"cold-start-mcq:acute-ischemic-stroke-reperfusion","1","evidence_consistency: The explanation admits inference, extrapolation, or incomplete source support. Low textual support from the linked guideline excerpt for the keyed option/explanation (content overlap 6%). Numeric recommendation absent from the linked guideline excerpt: 0.9 mg, 2.5 hours, 4.5 hours."
"cold-start-mcq:acute-ischemic-stroke-reperfusion","3","evidence_consistency: Low textual support from the linked guideline excerpt for the keyed option/explanation (content overlap 15%)."
"guideline-mcq:Acute-ischemic-stroke-reperfusion","0","evidence_consistency: Numeric recommendation absent from the linked guideline excerpt: 4.5 hours."
"guideline-mcq:Acute-ischemic-stroke-reperfusion","2","evidence_consistency: Low textual support from the linked guideline excerpt for the keyed option/explanation (content overlap 12%)."
"guideline-mcq:alteplase-acute-ischemic-stroke-NINDS-trial","0","evidence_consistency: Low textual support from the linked guideline excerpt for the keyed option/explanation (content overlap 6%). Numeric recommendation absent from the linked guideline excerpt: 3 months."
"guideline-mcq:alteplase-acute-ischemic-stroke-NINDS-trial","1","evidence_consistency: Low textual support from the linked guideline excerpt for the keyed option/explanation (content overlap 0%). The question tests prognosis but the linked guideline excerpt addresses a different type of claim. Numeric recommendation absent from the linked guideline excerpt: 3 months."
"guideline-mcq:alteplase-acute-ischemic-stroke-NINDS-trial","2","evidence_consistency: Numeric recommendation absent from the linked guideline excerpt: 3 hours."
"cold-start-mcq:acute-kidney-injury","4","evidence_consistency: Low textual support from the linked guideline excerpt for the keyed option/explanation (content overlap 14%). The question tests management, prognosis but the linked guideline excerpt addresses a different type of claim."
"paper-mcq:acute-kidney-injury","1","evidence_consistency: Low textual support from the linked guideline excerpt for the keyed option/explanation (content overlap 7%)."
"paper-mcq:acute-kidney-injury","3","evidence_consistency: Low textual support from the linked guideline excerpt for the keyed option/explanation (content overlap 4%)."
"paper-mcq:acute-kidney-injury","4","evidence_consistency: Low textual support from the linked guideline excerpt for the keyed option/explanation (content overlap 14%)."
"guideline-mcq:acute-kidney-injury-in-the-icu-kdigo-staging-aetiology-and-rrt-timing","0","evidence_consistency: Low textual support from the linked guideline excerpt for the keyed option/explanation (content overlap 7%)."
"guideline-mcq:acute-kidney-injury-in-the-icu-kdigo-staging-aetiology-and-rrt-timing","1","evidence_consistency: Low textual support from the linked guideline excerpt for the keyed option/explanation (content overlap 15%)."
"guideline-mcq:acute-kidney-injury-in-the-icu-kdigo-staging-aetiology-and-rrt-timing","2","evidence_consistency: The question tests diagnosis, dose but the linked guideline excerpt addresses a different type of claim. Numeric recommendation absent from the linked guideline excerpt: 0.3 mg, 0.5 mL, 1.0 mg, 12 hours, 2.8 mg, 48 hours."
"guideline-mcq:AKI-diagnosis-and-management","2","evidence_consistency: The question tests dose, management but the linked guideline excerpt addresses a different type of claim."
"guideline-mcq:Acute-kidney-injury-prevention-management","1","evidence_consistency: Low textual support from the linked guideline excerpt for the keyed option/explanation (content overlap 13%)."
"guideline-mcq:acute-leukaemia-of-ambiguous-lineage","2","evidence_consistency: Low textual support from the linked guideline excerpt for the keyed option/explanation (content overlap 12%)."
"guideline-mcq:acute-leukaemia-of-ambiguous-lineage","3","evidence_consistency: Low textual support from the linked guideline excerpt for the keyed option/explanation (content overlap 16%)."
"guideline-mcq:acute-liver-failure-in-the-icu-kings-college-criteria-cerebral-oedema-management","0","evidence_consistency: Reference year(s) do not match the linked guideline excerpt (2017 vs 2016, 2024)."
"guideline-mcq:acute-liver-failure-in-the-icu-kings-college-criteria-cerebral-oedema-management","1","evidence_consistency: Reference year(s) do not match the linked guideline excerpt (2018 vs 2024)."
"guideline-mcq:acute-liver-failure-in-the-icu-kings-college-criteria-cerebral-oedema-management","2","evidence_consistency: Low textual support from the linked guideline excerpt for the keyed option/explanation (content overlap 15%). The question tests diagnosis, dose but the linked guideline excerpt addresses a different type of claim."
"guideline-mcq:acute-liver-failure-in-the-icu-kings-college-criteria-cerebral-oedema-management","3","evidence_consistency: Reference year(s) do not match the linked guideline excerpt (2016 vs 2024)."
"paper-mcq:acute-liver-failure","0","evidence_consistency: The question tests diagnosis but the linked guideline excerpt addresses a different type of claim."
"paper-mcq:acute-liver-failure","1","evidence_consistency: Low textual support from the linked guideline excerpt for the keyed option/explanation (content overlap 13%). The question tests diagnosis, screening but the linked guideline excerpt addresses a different type of claim."
"paper-mcq:acute-liver-failure","3","evidence_consistency: Low textual support from the linked guideline excerpt for the keyed option/explanation (content overlap 0%). The question tests management but the linked guideline excerpt addresses a different type of claim."
"paper-mcq:acute-liver-failure","4","evidence_consistency: Low textual support from the linked guideline excerpt for the keyed option/explanation (content overlap 14%)."
"paper-mcq:hepatorenal-syndrome","2","evidence_consistency: Low textual support from the linked guideline excerpt for the keyed option/explanation (content overlap 0%). The question tests prognosis but the linked guideline excerpt addresses a different type of claim."
"cold-start-mcq:acute-liver-failure","1","evidence_consistency: Low textual support from the linked guideline excerpt for the keyed option/explanation (content overlap 5%). The question tests diagnosis, dose but the linked guideline excerpt addresses a different type of claim."
"cold-start-mcq:acute-liver-failure","2","evidence_consistency: Low textual support from the linked guideline excerpt for the keyed option/explanation (content overlap 9%). The question tests diagnosis but the linked guideline excerpt addresses a different type of claim."
"guideline-mcq:Acute-liver-failure:-management-and-prognostic-criteria","0","evidence_consistency: Low textual support from the linked guideline excerpt for the keyed option/explanation (content overlap 14%)."
"guideline-mcq:Acute-liver-failure:-management-and-prognostic-criteria","2","evidence_consistency: Low textual support from the linked guideline excerpt for the keyed option/explanation (content overlap 14%). The question tests dose, management but the linked guideline excerpt addresses a different type of claim."
"cold-start-mcq:multiple-sclerosis","1","evidence_consistency: Low textual support from the linked guideline excerpt for the keyed option/explanation (content overlap 4%)."
"guideline-mcq:acute-ms-relapse-high-dose-methylprednisolone-vs-plasma-exchange","0","evidence_consistency: The question tests diagnosis but the linked guideline excerpt addresses a different type of claim."
"guideline-mcq:acute-ms-relapse-high-dose-methylprednisolone-vs-plasma-exchange","3","evidence_consistency: Numeric recommendation absent from the linked guideline excerpt: 0.25 g, 0.5g."
"guideline-mcq:acute-myeloid-leukaemia","1","evidence_consistency: Low textual support from the linked guideline excerpt for the keyed option/explanation (content overlap 9%)."
"cold-start-mcq:haematological-malignancy","0","evidence_consistency: Low textual support from the linked guideline excerpt for the keyed option/explanation (content overlap 5%)."
"cold-start-mcq:haematological-malignancy","1","evidence_consistency: Low textual support from the linked guideline excerpt for the keyed option/explanation (content overlap 10%)."
"guideline-mcq:Acute-myeloid-leukemia-venetoclax-azacitidine","1","evidence_consistency: Low textual support from the linked guideline excerpt for the keyed option/explanation (content overlap 11%)."
"guideline-mcq:Acute-myeloid-leukemia-venetoclax-azacitidine","2","evidence_consistency: Low textual support from the linked guideline excerpt for the keyed option/explanation (content overlap 0%)."
"cold-start-mcq:acute-myeloid-leukemia-venetoclax-azacitidine","0","evidence_consistency: Low textual support from the linked guideline excerpt for the keyed option/explanation (content overlap 8%)."
"cold-start-mcq:acute-myeloid-leukemia-venetoclax-azacitidine","1","evidence_consistency: The explanation admits inference, extrapolation, or incomplete source support. Low textual support from the linked guideline excerpt for the keyed option/explanation (content overlap 6%). Numeric recommendation absent from the linked guideline excerpt: 400 mg, 75 mg, 75 years."
"cold-start-mcq:acute-myeloid-leukemia-venetoclax-azacitidine","2","evidence_consistency: Low textual support from the linked guideline excerpt for the keyed option/explanation (content overlap 14%)."
"cold-start-mcq:acute-myeloid-leukemia-venetoclax-azacitidine","3","evidence_consistency: Low textual support from the linked guideline excerpt for the keyed option/explanation (content overlap 9%). Numeric recommendation absent from the linked guideline excerpt: 75 years."
"cold-start-mcq:acute-myeloid-leukemia-venetoclax-azacitidine","4","evidence_consistency: Low textual support from the linked guideline excerpt for the keyed option/explanation (content overlap 7%)."
"cold-start-mcq:antibiotic-stewardship","4","evidence_consistency: Numeric recommendation absent from the linked guideline excerpt: 6 months, 72 hours."
"cold-start-mcq:acute-otitis-media","0","evidence_consistency: Numeric recommendation absent from the linked guideline excerpt: 2 years."
"cold-start-mcq:acute-otitis-media","1","evidence_consistency: Low textual support from the linked guideline excerpt for the keyed option/explanation (content overlap 15%). Numeric recommendation absent from the linked guideline excerpt: 6 months, 72 hours."
"cold-start-mcq:acute-otitis-media","2","evidence_consistency: Low textual support from the linked guideline excerpt for the keyed option/explanation (content overlap 0%)."
"cold-start-mcq:acute-otitis-media","4","evidence_consistency: Low textual support from the linked guideline excerpt for the keyed option/explanation (content overlap 12%). Numeric recommendation absent from the linked guideline excerpt: 3 days."
"guideline-mcq:acute-otitis-media","0","evidence_consistency: Numeric recommendation absent from the linked guideline excerpt: 72 hours."
"paper-mcq:otitis-media-otitis-externa-and-mastoiditis","0","evidence_consistency: Low textual support from the linked guideline excerpt for the keyed option/explanation (content overlap 11%). The question tests prognosis but the linked guideline excerpt addresses a different type of claim. Numeric recommendation absent from the linked guideline excerpt: 2 years, 3 days, 5 days, 500 mg, 7 day."
"paper-mcq:acute-pancreatitis","0","evidence_consistency: Low textual support from the linked guideline excerpt for the keyed option/explanation (content overlap 5%). The question tests diagnosis but the linked guideline excerpt addresses a different type of claim."
"paper-mcq:acute-pancreatitis","1","evidence_consistency: Low textual support from the linked guideline excerpt for the keyed option/explanation (content overlap 10%). The question tests management but the linked guideline excerpt addresses a different type of claim."
"cold-start-mcq:pancreatitis-complications","1","evidence_consistency: Low textual support from the linked guideline excerpt for the keyed option/explanation (content overlap 4%)."
"cold-start-mcq:acute-pancreatitis","0","evidence_consistency: Low textual support from the linked guideline excerpt for the keyed option/explanation (content overlap 4%)."
"cold-start-mcq:acute-pancreatitis","2","evidence_consistency: Low textual support from the linked guideline excerpt for the keyed option/explanation (content overlap 4%)."
"cold-start-mcq:acute-pancreatitis","4","evidence_consistency: Low textual support from the linked guideline excerpt for the keyed option/explanation (content overlap 6%)."
"guideline-mcq:acute-cholangitis","3","evidence_consistency: Low textual support from the linked guideline excerpt for the keyed option/explanation (content overlap 10%). The question tests diagnosis but the linked guideline excerpt addresses a different type of claim."
"paper-mcq:acute-pancreatitis","3","evidence_consistency: Low textual support from the linked guideline excerpt for the keyed option/explanation (content overlap 11%). Numeric recommendation absent from the linked guideline excerpt: 48 hours."
"cold-start-mcq:systemic-analgesia","0","evidence_consistency: Low textual support from the linked guideline excerpt for the keyed option/explanation (content overlap 11%). The question tests management but the linked guideline excerpt addresses a different type of claim."
"guideline-mcq:acute-pancreatitis-in-the-icu-ranson-apache-organ-support","0","evidence_consistency: Low textual support from the linked guideline excerpt for the keyed option/explanation (content overlap 7%). Reference year(s) do not match the linked guideline excerpt (2012 vs 2022, 2023)."
"guideline-mcq:acute-pancreatitis-in-the-icu-ranson-apache-organ-support","1","evidence_consistency: Low textual support from the linked guideline excerpt for the keyed option/explanation (content overlap 7%). Reference year(s) do not match the linked guideline excerpt (2013, 2017 vs 2022, 2023)."
"guideline-mcq:acute-pancreatitis-in-the-icu-ranson-apache-organ-support","3","evidence_consistency: Reference year(s) do not match the linked guideline excerpt (2012, 2013 vs 2022, 2023)."
"guideline-mcq:acute-pericarditis-colchicine-nsaids-recurrence-prevention","1","evidence_consistency: The question tests diagnosis, management but the linked guideline excerpt addresses a different type of claim. Numeric recommendation absent from the linked guideline excerpt: 3 months, 6 months."
"guideline-mcq:acute-pericarditis-colchicine-nsaids-recurrence-prevention","2","evidence_consistency: The question tests diagnosis but the linked guideline excerpt addresses a different type of claim."
"guideline-mcq:acute-pericarditis-colchicine-nsaids-recurrence-prevention","3","evidence_consistency: Low textual support from the linked guideline excerpt for the keyed option/explanation (content overlap 14%). The question tests management but the linked guideline excerpt addresses a different type of claim. Numeric recommendation absent from the linked guideline excerpt: 6 months."
"guideline-mcq:Acute-and-recurrent-pericarditis-colchicine","0","evidence_consistency: Numeric recommendation absent from the linked guideline excerpt: 0.6 mg, 1 hour, 3 months."
"guideline-mcq:Acute-and-recurrent-pericarditis-colchicine","1","evidence_consistency: The question tests management but the linked guideline excerpt addresses a different type of claim."
"guideline-mcq:anticoagulation-in-malignancy","1","evidence_consistency: Low textual support from the linked guideline excerpt for the keyed option/explanation (content overlap 4%)."
"guideline-mcq:acute-promyelocytic-leukaemia","1","evidence_consistency: Low textual support from the linked guideline excerpt for the keyed option/explanation (content overlap 12%). Reference year(s) do not match the linked guideline excerpt (2002 vs 2015, 2016)."
"guideline-mcq:acute-promyelocytic-leukaemia","2","evidence_consistency: Reference year(s) do not match the linked guideline excerpt (2018 vs 2015, 2016)."
"guideline-mcq:disseminated-intravascular-coagulation","1","evidence_consistency: Low textual support from the linked guideline excerpt for the keyed option/explanation (content overlap 5%). Numeric recommendation absent from the linked guideline excerpt: 24 hours."
"guideline-mcq:acute-pulmonary-oedema-niv-morphine-controversy-nitrates-ultrafiltration","1","evidence_consistency: Low textual support from the linked guideline excerpt for the keyed option/explanation (content overlap 12%). Numeric recommendation absent from the linked guideline excerpt: 90 mm."
"guideline-mcq:Acute-severe-ulcerative-colitis-rescue-therapy","1","evidence_consistency: Low textual support from the linked guideline excerpt for the keyed option/explanation (content overlap 9%)."
"guideline-mcq:Acute-severe-ulcerative-colitis-rescue-therapy","2","evidence_consistency: Low textual support from the linked guideline excerpt for the keyed option/explanation (content overlap 10%). Numeric recommendation absent from the linked guideline excerpt: 10 days, 48 hours."
"guideline-mcq:acute-thrombolysis","0","evidence_consistency: The question tests management but the linked guideline excerpt addresses a different type of claim."
"guideline-mcq:acute-transplant-rejection","0","evidence_consistency: Low textual support from the linked guideline excerpt for the keyed option/explanation (content overlap 7%)."
"guideline-mcq:acute-transplant-rejection","1","evidence_consistency: Low textual support from the linked guideline excerpt for the keyed option/explanation (content overlap 3%)."
"paper-mcq:acute-transplant-rejection","0","evidence_consistency: Low textual support from the linked guideline excerpt for the keyed option/explanation (content overlap 0%)."
"paper-mcq:acute-transplant-rejection","1","evidence_consistency: Low textual support from the linked guideline excerpt for the keyed option/explanation (content overlap 0%). The question tests dose, management, prognosis but the linked guideline excerpt addresses a different type of claim. Numeric recommendation absent from the linked guideline excerpt: 1 month, 1.5 mg, 48 hours."
"paper-mcq:acute-transplant-rejection","2","evidence_consistency: Low textual support from the linked guideline excerpt for the keyed option/explanation (content overlap 3%)."
"paper-mcq:acute-transplant-rejection","3","evidence_consistency: Low textual support from the linked guideline excerpt for the keyed option/explanation (content overlap 0%). The question tests management but the linked guideline excerpt addresses a different type of claim."
"paper-mcq:donor-specific-antibodies-and-sensitisation","3","evidence_consistency: Low textual support from the linked guideline excerpt for the keyed option/explanation (content overlap 7%)."
"paper-mcq:immunosuppression-post-transplant","1","evidence_consistency: Low textual support from the linked guideline excerpt for the keyed option/explanation (content overlap 5%)."
"guideline-mcq:kidney-transplant-antibody-mediated-rejection","0","evidence_consistency: Low textual support from the linked guideline excerpt for the keyed option/explanation (content overlap 12%)."
"guideline-mcq:kidney-transplant-antibody-mediated-rejection","1","evidence_consistency: Low textual support from the linked guideline excerpt for the keyed option/explanation (content overlap 0%)."
"guideline-mcq:Kidney-transplant-antibody-mediated-rejection","0","evidence_consistency: Low textual support from the linked guideline excerpt for the keyed option/explanation (content overlap 6%)."
"guideline-mcq:Kidney-transplant-antibody-mediated-rejection","1","evidence_consistency: Low textual support from the linked guideline excerpt for the keyed option/explanation (content overlap 14%)."
"guideline-mcq:Kidney-transplant-antibody-mediated-rejection","2","evidence_consistency: Low textual support from the linked guideline excerpt for the keyed option/explanation (content overlap 0%)."
"guideline-mcq:acute-uncomplicated-diverticulitis-management","2","evidence_consistency: Low textual support from the linked guideline excerpt for the keyed option/explanation (content overlap 15%)."
"guideline-mcq:Acute-uncomplicated-diverticulitis-management","2","evidence_consistency: Low textual support from the linked guideline excerpt for the keyed option/explanation (content overlap 12%)."
"cold-start-mcq:obesity-management","2","evidence_consistency: Low textual support from the linked guideline excerpt for the keyed option/explanation (content overlap 2%)."
"guideline-mcq:ADHD-pharmacotherapy-(stimulants-and-comparative-meta-analys","1","evidence_consistency: Low textual support from the linked guideline excerpt for the keyed option/explanation (content overlap 15%)."
"guideline-mcq:ADHD-pharmacotherapy-(stimulants-and-comparative-meta-analys","2","evidence_consistency: Low textual support from the linked guideline excerpt for the keyed option/explanation (content overlap 4%)."
"curated-mcq:adrenal crisis hydrocortisone emergency protocol trigger avoidance sick day rules","17","evidence_consistency: The question tests prognosis but the linked guideline excerpt addresses a different type of claim."
"guideline-mcq:adrenal-incidentaloma-imaging-characteristics-biochemical-workup-surveillance-protocol","3","evidence_consistency: The question tests diagnosis but the linked guideline excerpt addresses a different type of claim. Numeric recommendation absent from the linked guideline excerpt: 4.0 cm, 4.5 cm."
"guideline-mcq:adrenal-incidentaloma","0","evidence_consistency: The question tests diagnosis, screening but the linked guideline excerpt addresses a different type of claim."
"guideline-mcq:adrenal-incidentaloma","1","evidence_consistency: The question tests management but the linked guideline excerpt addresses a different type of claim."
"guideline-mcq:adrenal-incidentaloma","2","evidence_consistency: The question tests diagnosis but the linked guideline excerpt addresses a different type of claim. Numeric recommendation absent from the linked guideline excerpt: 10 mm."
"guideline-mcq:adrenal-incidentaloma","3","evidence_consistency: The question tests diagnosis but the linked guideline excerpt addresses a different type of claim."
"guideline-mcq:adrenal-incidentaloma","4","evidence_consistency: The question tests prognosis, screening but the linked guideline excerpt addresses a different type of claim."
"paper-mcq:adrenal-incidentaloma-imaging-characteristics-biochemical-workup-surveillance-protocol","3","evidence_consistency: Numeric recommendation absent from the linked guideline excerpt: 3.2 cm."
"cold-start-mcq:adrenal-incidentaloma","0","evidence_consistency: Low textual support from the linked guideline excerpt for the keyed option/explanation (content overlap 14%)."
"cold-start-mcq:adrenal-incidentaloma","2","evidence_consistency: The question tests diagnosis but the linked guideline excerpt addresses a different type of claim."
"cold-start-mcq:adrenal-incidentaloma","3","evidence_consistency: The question tests dose, prognosis but the linked guideline excerpt addresses a different type of claim."
"cold-start-mcq:adrenal-incidentaloma","4","evidence_consistency: The question tests screening but the linked guideline excerpt addresses a different type of claim. Numeric recommendation absent from the linked guideline excerpt: 1 cm."
"cold-start-mcq:adrenal-insufficiency","0","evidence_consistency: Low textual support from the linked guideline excerpt for the keyed option/explanation (content overlap 13%)."
"cold-start-mcq:adrenal-insufficiency","2","evidence_consistency: Low textual support from the linked guideline excerpt for the keyed option/explanation (content overlap 5%). The question tests diagnosis, dose but the linked guideline excerpt addresses a different type of claim. Numeric recommendation absent from the linked guideline excerpt: 18 mcg, 20 mcg, 25 mcg, 8 mcg."
"cold-start-mcq:adrenal-insufficiency","4","evidence_consistency: Low textual support from the linked guideline excerpt for the keyed option/explanation (content overlap 7%). Numeric recommendation absent from the linked guideline excerpt: 18 mcg, 4 mcg."
"cold-start-mcq:hormone-replacement-therapy","2","evidence_consistency: Low textual support from the linked guideline excerpt for the keyed option/explanation (content overlap 15%)."
"paper-mcq:sepsis-corticosteroids","3","evidence_consistency: Low textual support from the linked guideline excerpt for the keyed option/explanation (content overlap 11%)."
"guideline-mcq:adrenal-insufficiency-in-critical-illness-relative-adrenal-insufficiency-hydrocortisone","0","evidence_consistency: Numeric recommendation absent from the linked guideline excerpt: 200 mg."
"guideline-mcq:adrenal-insufficiency-in-critical-illness-relative-adrenal-insufficiency-hydrocortisone","2","evidence_consistency: The question tests dose but the linked guideline excerpt addresses a different type of claim."
"guideline-mcq:adrenal-insufficiency-in-critical-illness-relative-adrenal-insufficiency-hydrocortisone","3","evidence_consistency: Numeric recommendation absent from the linked guideline excerpt: 200 mg, 50 mg, 6 hours."
"guideline-mcq:adrenocortical-carcinoma-staging-mitotane-therapy-surgical-resection-prognosis","1","evidence_consistency: Low textual support from the linked guideline excerpt for the keyed option/explanation (content overlap 11%). The question tests dose but the linked guideline excerpt addresses a different type of claim. Numeric recommendation absent from the linked guideline excerpt: 4 cm."
"paper-mcq:adrenocortical-carcinoma-staging-mitotane-therapy-surgical-resection-prognosis","0","evidence_consistency: Low textual support from the linked guideline excerpt for the keyed option/explanation (content overlap 13%). The question tests diagnosis but the linked guideline excerpt addresses a different type of claim."
"paper-mcq:adrenocortical-carcinoma-staging-mitotane-therapy-surgical-resection-prognosis","1","evidence_consistency: Low textual support from the linked guideline excerpt for the keyed option/explanation (content overlap 8%). The question tests diagnosis, prognosis but the linked guideline excerpt addresses a different type of claim."
"paper-mcq:adrenocortical-carcinoma-staging-mitotane-therapy-surgical-resection-prognosis","3","evidence_consistency: Low textual support from the linked guideline excerpt for the keyed option/explanation (content overlap 7%)."
"guideline-mcq:adult-congenital-heart-disease-eisenmenger-syndrome-residual-lesions-transition-care","2","evidence_consistency: Low textual support from the linked guideline excerpt for the keyed option/explanation (content overlap 6%). The question tests diagnosis but the linked guideline excerpt addresses a different type of claim. Reference year(s) do not match the linked guideline excerpt (2017, 2025 vs 2026)."
"guideline-mcq:Adult-onset-Still-disease-IL-1-and-IL-6-blockade","1","evidence_consistency: Low textual support from the linked guideline excerpt for the keyed option/explanation (content overlap 15%)."
"paper-mcq:adult-onset-still-s-disease","0","evidence_consistency: Low textual support from the linked guideline excerpt for the keyed option/explanation (content overlap 4%). The question tests dose but the linked guideline excerpt addresses a different type of claim. Numeric recommendation absent from the linked guideline excerpt: 86 mg."
"paper-mcq:adult-onset-still-s-disease","1","evidence_consistency: Low textual support from the linked guideline excerpt for the keyed option/explanation (content overlap 5%). Numeric recommendation absent from the linked guideline excerpt: 200 mg, 3 mg."
"paper-mcq:adult-onset-still-s-disease","3","evidence_consistency: Low textual support from the linked guideline excerpt for the keyed option/explanation (content overlap 7%)."
"paper-mcq:macrophage-activation-syndrome-mas-in-rheumatic-disease-distinguishing-from-hlh","3","evidence_consistency: Low textual support from the linked guideline excerpt for the keyed option/explanation (content overlap 3%)."
"paper-mcq:nivolumab-ipilimumab-advanced-melanoma-overall-survival","2","evidence_consistency: Low textual support from the linked guideline excerpt for the keyed option/explanation (content overlap 16%). Numeric recommendation absent from the linked guideline excerpt: 10 years."
"guideline-mcq:advanced-melanoma-immunotherapy","0","evidence_consistency: The question tests diagnosis but the linked guideline excerpt addresses a different type of claim."
"guideline-mcq:advanced-melanoma-immunotherapy","3","evidence_consistency: Numeric recommendation absent from the linked guideline excerpt: 5 years."
"cold-start-mcq:advanced-melanoma-immunotherapy","0","evidence_consistency: Low textual support from the linked guideline excerpt for the keyed option/explanation (content overlap 3%)."
"cold-start-mcq:advanced-melanoma-immunotherapy","3","evidence_consistency: Low textual support from the linked guideline excerpt for the keyed option/explanation (content overlap 3%). The question tests screening but the linked guideline excerpt addresses a different type of claim."
"cold-start-mcq:advanced-melanoma-immunotherapy","4","evidence_consistency: Low textual support from the linked guideline excerpt for the keyed option/explanation (content overlap 8%)."
"guideline-mcq:Advanced-melanoma-immunotherapy","1","evidence_consistency: Low textual support from the linked guideline excerpt for the keyed option/explanation (content overlap 10%)."
"guideline-mcq:Advanced-renal-cell-carcinoma-immunotherapy","0","evidence_consistency: Low textual support from the linked guideline excerpt for the keyed option/explanation (content overlap 8%)."
"guideline-mcq:air-embolism-venous-vs-arterial-trendelenburg-positioning-hyperbaric-oxygen","1","evidence_consistency: The question tests management but the linked guideline excerpt addresses a different type of claim."
"cold-start-mcq:difficult-airway","3","evidence_consistency: The question tests dose but the linked guideline excerpt addresses a different type of claim."
"guideline-mcq:airway-management-in-the-icu-rsi-video-laryngoscopy-difficult-airway","2","evidence_consistency: Low textual support from the linked guideline excerpt for the keyed option/explanation (content overlap 4%)."
"guideline-mcq:airway-management-in-the-icu-rsi-video-laryngoscopy-difficult-airway","3","evidence_consistency: Low textual support from the linked guideline excerpt for the keyed option/explanation (content overlap 9%)."
"paper-mcq:al-amyloidosis-and-waldenstr-m-macroglobulinaemia","0","evidence_consistency: Low textual support from the linked guideline excerpt for the keyed option/explanation (content overlap 0%). Numeric recommendation absent from the linked guideline excerpt: 10 g."
"paper-mcq:al-amyloidosis-and-waldenstr-m-macroglobulinaemia","2","evidence_consistency: Low textual support from the linked guideline excerpt for the keyed option/explanation (content overlap 7%)."
"paper-mcq:al-amyloidosis-and-waldenstr-m-macroglobulinaemia","3","evidence_consistency: Low textual support from the linked guideline excerpt for the keyed option/explanation (content overlap 0%)."
"cold-start-mcq:alcohol-use-disorder","0","evidence_consistency: Low textual support from the linked guideline excerpt for the keyed option/explanation (content overlap 9%)."
"cold-start-mcq:alcohol-use-disorder","1","evidence_consistency: Low textual support from the linked guideline excerpt for the keyed option/explanation (content overlap 2%). The question tests diagnosis, prognosis but the linked guideline excerpt addresses a different type of claim."
"cold-start-mcq:alcohol-use-disorder","2","evidence_consistency: Low textual support from the linked guideline excerpt for the keyed option/explanation (content overlap 10%)."
"cold-start-mcq:alcohol-use-disorder","3","evidence_consistency: Low textual support from the linked guideline excerpt for the keyed option/explanation (content overlap 11%). Numeric recommendation absent from the linked guideline excerpt: 6 months."
"cold-start-mcq:alcohol-use-disorder","4","evidence_consistency: Low textual support from the linked guideline excerpt for the keyed option/explanation (content overlap 4%)."
"cold-start-mcq:suicide-risk-assessment","3","evidence_consistency: Low textual support from the linked guideline excerpt for the keyed option/explanation (content overlap 9%). Numeric recommendation absent from the linked guideline excerpt: 2 months."
"guideline-mcq:alcohol-withdrawal-benzodiazepine-treatment","1","evidence_consistency: Reference year(s) do not match the linked guideline excerpt (2011 vs 2010)."
"paper-mcq:alcohol-use-disorder-wernicke-encephalopathy-and-alcohol-related-liver-disease","0","evidence_consistency: The question tests screening but the linked guideline excerpt addresses a different type of claim."
"paper-mcq:alcohol-use-disorder-wernicke-encephalopathy-and-alcohol-related-liver-disease","1","evidence_consistency: Low textual support from the linked guideline excerpt for the keyed option/explanation (content overlap 10%). Numeric recommendation absent from the linked guideline excerpt: 250 mg."
"cold-start-mcq:substance-use-disorder","0","evidence_consistency: Low textual support from the linked guideline excerpt for the keyed option/explanation (content overlap 15%)."
"paper-mcq:alcohol-use-disorder-wernicke-encephalopathy-and-alcohol-related-liver-disease","3","evidence_consistency: Low textual support from the linked guideline excerpt for the keyed option/explanation (content overlap 15%)."
"cold-start-mcq:withdrawal-syndrome","1","evidence_consistency: Low textual support from the linked guideline excerpt for the keyed option/explanation (content overlap 10%)."
"cold-start-mcq:withdrawal-syndrome","3","evidence_consistency: Low textual support from the linked guideline excerpt for the keyed option/explanation (content overlap 6%)."
"cold-start-mcq:alcohol-withdrawal-benzodiazepine-treatment","1","evidence_consistency: Low textual support from the linked guideline excerpt for the keyed option/explanation (content overlap 14%). Numeric recommendation absent from the linked guideline excerpt: 4 mg."
"cold-start-mcq:alcohol-withdrawal-benzodiazepine-treatment","3","evidence_consistency: Low textual support from the linked guideline excerpt for the keyed option/explanation (content overlap 15%)."
"cold-start-mcq:substance-use-disorder","4","evidence_consistency: Low textual support from the linked guideline excerpt for the keyed option/explanation (content overlap 9%)."
"guideline-mcq:alcohol-withdrawal-syndrome-and-delirium-tremens-management-in-icu","0","evidence_consistency: Low textual support from the linked guideline excerpt for the keyed option/explanation (content overlap 16%). The question tests dose but the linked guideline excerpt addresses a different type of claim. Numeric recommendation absent from the linked guideline excerpt: 2 hours, 2 mg."
"cold-start-mcq:alcohol-withdrawal-syndrome-and-delirium-tremens-management-in-icu","1","evidence_consistency: Low textual support from the linked guideline excerpt for the keyed option/explanation (content overlap 9%)."
"cold-start-mcq:alcohol-withdrawal-syndrome-and-delirium-tremens-management-in-icu","3","evidence_consistency: Low textual support from the linked guideline excerpt for the keyed option/explanation (content overlap 5%)."
"cold-start-mcq:alcohol-withdrawal-syndrome-and-delirium-tremens-management-in-icu","4","evidence_consistency: Low textual support from the linked guideline excerpt for the keyed option/explanation (content overlap 10%)."
"paper-mcq:alcohol-use-disorder-wernicke-encephalopathy-and-alcohol-related-liver-disease","2","evidence_consistency: Low textual support from the linked guideline excerpt for the keyed option/explanation (content overlap 6%). Numeric recommendation absent from the linked guideline excerpt: 7 days."
"guideline-mcq:Alcohol-withdrawal-syndrome-and-delirium-tremens-management-","1","evidence_consistency: The question tests prognosis but the linked guideline excerpt addresses a different type of claim."
"guideline-mcq:allergic-bronchopulmonary-aspergillosis","0","evidence_consistency: Low textual support from the linked guideline excerpt for the keyed option/explanation (content overlap 9%)."
"guideline-mcq:allergic-bronchopulmonary-aspergillosis","1","evidence_consistency: Low textual support from the linked guideline excerpt for the keyed option/explanation (content overlap 6%)."
"guideline-mcq:allergic-bronchopulmonary-aspergillosis","2","evidence_consistency: Low textual support from the linked guideline excerpt for the keyed option/explanation (content overlap 5%)."
"guideline-mcq:allergic-bronchopulmonary-aspergillosis","3","evidence_consistency: Low textual support from the linked guideline excerpt for the keyed option/explanation (content overlap 3%)."
"cold-start-mcq:allergic-rhinitis-intranasal-steroids-and-immunotherapy","0","evidence_consistency: Low textual support from the linked guideline excerpt for the keyed option/explanation (content overlap 14%)."
"cold-start-mcq:allergic-rhinitis-intranasal-steroids-and-immunotherapy","2","evidence_consistency: Low textual support from the linked guideline excerpt for the keyed option/explanation (content overlap 9%)."
"cold-start-mcq:allergic-rhinitis-intranasal-steroids-and-immunotherapy","3","evidence_consistency: Low textual support from the linked guideline excerpt for the keyed option/explanation (content overlap 4%)."
"cold-start-mcq:allergic-rhinitis-intranasal-steroids-and-immunotherapy","4","evidence_consistency: Low textual support from the linked guideline excerpt for the keyed option/explanation (content overlap 12%)."
"guideline-mcq:allergic-rhinitis-intranasal-steroids-and-immunotherapy","0","evidence_consistency: The explanation admits inference, extrapolation, or incomplete source support. Low textual support from the linked guideline excerpt for the keyed option/explanation (content overlap 13%)."
"guideline-mcq:allergic-rhinitis-intranasal-steroids-and-immunotherapy","2","evidence_consistency: Low textual support from the linked guideline excerpt for the keyed option/explanation (content overlap 9%). Reference year(s) do not match the linked guideline excerpt (2023 vs 2024)."
"guideline-mcq:alpha-and-beta-thalassaemia","0","evidence_consistency: Numeric recommendation absent from the linked guideline excerpt: 10 g."
"guideline-mcq:alpha-and-beta-thalassaemia","2","evidence_consistency: The question tests management but the linked guideline excerpt addresses a different type of claim."
"guideline-mcq:alpha-and-beta-thalassaemia","3","evidence_consistency: Low textual support from the linked guideline excerpt for the keyed option/explanation (content overlap 15%)."
"guideline-mcq:alpha-1-antitrypsin-deficiency","0","evidence_consistency: Low textual support from the linked guideline excerpt for the keyed option/explanation (content overlap 9%)."
"guideline-mcq:alpha-1-antitrypsin-deficiency","3","evidence_consistency: Low textual support from the linked guideline excerpt for the keyed option/explanation (content overlap 7%)."
"guideline-mcq:Alpha-1-antitrypsin-deficiency-augmentation-therapy","0","evidence_consistency: Low textual support from the linked guideline excerpt for the keyed option/explanation (content overlap 15%)."
"guideline-mcq:Alpha-1-antitrypsin-deficiency-augmentation-therapy","2","evidence_consistency: Low textual support from the linked guideline excerpt for the keyed option/explanation (content overlap 0%)."
"guideline-mcq:alport-syndrome","0","evidence_consistency: The question tests diagnosis, management but the linked guideline excerpt addresses a different type of claim."
"guideline-mcq:alport-syndrome","2","evidence_consistency: Numeric recommendation absent from the linked guideline excerpt: 0.2 mg."
"guideline-mcq:Alport-syndrome-and-inherited-collagen-nephropathies","1","evidence_consistency: Low textual support from the linked guideline excerpt for the keyed option/explanation (content overlap 13%)."
"guideline-mcq:Alport-syndrome-and-inherited-collagen-nephropathies","2","evidence_consistency: Low textual support from the linked guideline excerpt for the keyed option/explanation (content overlap 13%). The question tests prognosis but the linked guideline excerpt addresses a different type of claim."
"guideline-mcq:amegakaryocytic-thrombocytopenia","0","evidence_consistency: The question tests diagnosis but the linked guideline excerpt addresses a different type of claim."
"paper-mcq:amegakaryocytic-thrombocytopenia","2","evidence_consistency: Low textual support from the linked guideline excerpt for the keyed option/explanation (content overlap 4%). The question tests management, prognosis but the linked guideline excerpt addresses a different type of claim. Numeric recommendation absent from the linked guideline excerpt: 6.5 years."
"paper-mcq:aminoglycoside-dosing-once-daily-dosing-hartford-nomogram-ototoxicity-renal-monitoring","2","evidence_consistency: Low textual support from the linked guideline excerpt for the keyed option/explanation (content overlap 16%)."
"paper-mcq:aminoglycoside-dosing-once-daily-dosing-hartford-nomogram-ototoxicity-renal-monitoring","3","evidence_consistency: Low textual support from the linked guideline excerpt for the keyed option/explanation (content overlap 7%). Numeric recommendation absent from the linked guideline excerpt: 18 hours."
"paper-mcq:aminoglycoside-dosing-once-daily-dosing-hartford-nomogram-ototoxicity-renal-monitoring","4","evidence_consistency: Low textual support from the linked guideline excerpt for the keyed option/explanation (content overlap 9%)."
"guideline-mcq:aminoglycoside-dosing-once-daily-dosing-hartford-nomogram-ototoxicity-renal-monitoring","0","evidence_consistency: Numeric recommendation absent from the linked guideline excerpt: 350 mg, 5 mg. Reference year(s) do not match the linked guideline excerpt (2012, 2017 vs 1995, 1997)."
"guideline-mcq:aminoglycoside-dosing-once-daily-dosing-hartford-nomogram-ototoxicity-renal-monitoring","1","evidence_consistency: Reference year(s) do not match the linked guideline excerpt (2017 vs 1995, 1997)."
"guideline-mcq:aminoglycoside-dosing-once-daily-dosing-hartford-nomogram-ototoxicity-renal-monitoring","2","evidence_consistency: Reference year(s) do not match the linked guideline excerpt (2002, 2017 vs 1995)."
"guideline-mcq:aminoglycoside-dosing-once-daily-dosing-hartford-nomogram-ototoxicity-renal-monitoring","3","evidence_consistency: Low textual support from the linked guideline excerpt for the keyed option/explanation (content overlap 10%). Numeric recommendation absent from the linked guideline excerpt: 24 hours. Reference year(s) do not match the linked guideline excerpt (2012, 2017 vs 1995, 1997)."
"guideline-mcq:aml-transformed-from-mpn","0","evidence_consistency: Low textual support from the linked guideline excerpt for the keyed option/explanation (content overlap 2%)."
"guideline-mcq:aml-transformed-from-mpn","1","evidence_consistency: Low textual support from the linked guideline excerpt for the keyed option/explanation (content overlap 3%)."
"guideline-mcq:aml-transformed-from-mpn","2","evidence_consistency: Low textual support from the linked guideline excerpt for the keyed option/explanation (content overlap 0%). The question tests prognosis but the linked guideline excerpt addresses a different type of claim. Reference year(s) do not match the linked guideline excerpt (2024 vs 2022)."
"guideline-mcq:aml-transformed-from-mpn","3","evidence_consistency: Low textual support from the linked guideline excerpt for the keyed option/explanation (content overlap 2%)."
"guideline-mcq:mpn-blast-phase-management","1","evidence_consistency: Low textual support from the linked guideline excerpt for the keyed option/explanation (content overlap 7%)."
"guideline-mcq:mpn-blast-phase-management","2","evidence_consistency: The explanation admits inference, extrapolation, or incomplete source support. Low textual support from the linked guideline excerpt for the keyed option/explanation (content overlap 9%)."
"paper-mcq:aml-transformed-from-mpn","0","evidence_consistency: Low textual support from the linked guideline excerpt for the keyed option/explanation (content overlap 6%)."
"paper-mcq:aml-transformed-from-mpn","1","evidence_consistency: Low textual support from the linked guideline excerpt for the keyed option/explanation (content overlap 0%). Numeric recommendation absent from the linked guideline excerpt: 5.5 months, 8 months."
"paper-mcq:aml-transformed-from-mpn","2","evidence_consistency: Low textual support from the linked guideline excerpt for the keyed option/explanation (content overlap 0%). The question tests prognosis but the linked guideline excerpt addresses a different type of claim."
"guideline-mcq:amyotrophic-lateral-sclerosis-als-el-escorial-criteria-riluzole-non-invasive-ventilation","0","evidence_consistency: Reference year(s) do not match the linked guideline excerpt (2016 vs 2024)."
"guideline-mcq:amyotrophic-lateral-sclerosis-als-el-escorial-criteria-riluzole-non-invasive-ventilation","1","evidence_consistency: Low textual support from the linked guideline excerpt for the keyed option/explanation (content overlap 9%). Reference year(s) do not match the linked guideline excerpt (2016 vs 2010, 2024)."
"guideline-mcq:amyotrophic-lateral-sclerosis-als-el-escorial-criteria-riluzole-non-invasive-ventilation","2","evidence_consistency: Low textual support from the linked guideline excerpt for the keyed option/explanation (content overlap 10%). Reference year(s) do not match the linked guideline excerpt (2016 vs 2010, 2024)."
"guideline-mcq:amyotrophic-lateral-sclerosis-als-el-escorial-criteria-riluzole-non-invasive-ventilation","3","evidence_consistency: Reference year(s) do not match the linked guideline excerpt (2016 vs 2010, 2024)."
"guideline-mcq:Amyotrophic-lateral-sclerosis-disease-modifying-therapy","0","evidence_consistency: The question tests diagnosis, management but the linked guideline excerpt addresses a different type of claim. Numeric recommendation absent from the linked guideline excerpt: 3 months."
"guideline-mcq:Amyotrophic-lateral-sclerosis-disease-modifying-therapy","1","evidence_consistency: Low textual support from the linked guideline excerpt for the keyed option/explanation (content overlap 11%)."
"guideline-mcq:Amyotrophic-lateral-sclerosis-disease-modifying-therapy","2","evidence_consistency: Low textual support from the linked guideline excerpt for the keyed option/explanation (content overlap 13%)."
"guideline-mcq:amyotrophic-lateral-sclerosis-pulmonary-care","0","evidence_consistency: The question tests management, prognosis but the linked guideline excerpt addresses a different type of claim."
"guideline-mcq:hypercapnic-respiratory-failure","3","evidence_consistency: Low textual support from the linked guideline excerpt for the keyed option/explanation (content overlap 12%)."
"cold-start-mcq:crohn-disease-biologics","1","evidence_consistency: Low textual support from the linked guideline excerpt for the keyed option/explanation (content overlap 4%)."
"cold-start-mcq:anaemia-of-chronic-disease","0","evidence_consistency: Low textual support from the linked guideline excerpt for the keyed option/explanation (content overlap 5%)."
"cold-start-mcq:anaemia-of-chronic-disease","2","evidence_consistency: Low textual support from the linked guideline excerpt for the keyed option/explanation (content overlap 6%). The question tests dose, management but the linked guideline excerpt addresses a different type of claim."
"cold-start-mcq:anaemia-of-chronic-disease","4","evidence_consistency: Low textual support from the linked guideline excerpt for the keyed option/explanation (content overlap 9%)."
"guideline-mcq:anaemia-of-chronic-disease","0","evidence_consistency: Low textual support from the linked guideline excerpt for the keyed option/explanation (content overlap 8%). The question tests dose but the linked guideline excerpt addresses a different type of claim."
"guideline-mcq:anal-canal-cancer","1","evidence_consistency: Low textual support from the linked guideline excerpt for the keyed option/explanation (content overlap 5%)."
"guideline-mcq:anal-canal-cancer","2","evidence_consistency: Low textual support from the linked guideline excerpt for the keyed option/explanation (content overlap 11%)."
"paper-mcq:anal-cancer","3","evidence_consistency: Low textual support from the linked guideline excerpt for the keyed option/explanation (content overlap 0%)."
"cold-start-mcq:bowel-cancer","1","evidence_consistency: Low textual support from the linked guideline excerpt for the keyed option/explanation (content overlap 2%)."
"paper-mcq:anal-cancer","0","evidence_consistency: The explanation admits inference, extrapolation, or incomplete source support. Low textual support from the linked guideline excerpt for the keyed option/explanation (content overlap 8%)."
"paper-mcq:anal-cancer","1","evidence_consistency: Low textual support from the linked guideline excerpt for the keyed option/explanation (content overlap 4%)."
"guideline-mcq:anaplastic-thyroid-cancer-rapid-progression-multimodal-treatment-dabrafenib","1","evidence_consistency: The question tests diagnosis, management but the linked guideline excerpt addresses a different type of claim."
"guideline-mcq:anaplastic-thyroid-cancer-rapid-progression-multimodal-treatment-dabrafenib","3","evidence_consistency: The question tests diagnosis, management but the linked guideline excerpt addresses a different type of claim."
"paper-mcq:anaplastic-thyroid-cancer-rapid-progression-multimodal-treatment-dabrafenib","1","evidence_consistency: The question tests management but the linked guideline excerpt addresses a different type of claim."
"paper-mcq:anaplastic-thyroid-cancer-rapid-progression-multimodal-treatment-dabrafenib","2","evidence_consistency: Low textual support from the linked guideline excerpt for the keyed option/explanation (content overlap 11%)."
"paper-mcq:anaplastic-thyroid-cancer-rapid-progression-multimodal-treatment-dabrafenib","4","evidence_consistency: The explanation admits inference, extrapolation, or incomplete source support. Low textual support from the linked guideline excerpt for the keyed option/explanation (content overlap 11%)."
"guideline-mcq:anca-associated-vasculitis-steroid-sparing-therapy","0","evidence_consistency: Low textual support from the linked guideline excerpt for the keyed option/explanation (content overlap 7%)."
"guideline-mcq:anca-associated-vasculitis-steroid-sparing-therapy","1","evidence_consistency: Low textual support from the linked guideline excerpt for the keyed option/explanation (content overlap 8%)."
"guideline-mcq:anca-associated-vasculitis-steroid-sparing-therapy","2","evidence_consistency: Low textual support from the linked guideline excerpt for the keyed option/explanation (content overlap 14%). Reference year(s) do not match the linked guideline excerpt (2026 vs 2021)."
"guideline-mcq:anca-associated-vasculitis-steroid-sparing-therapy","3","evidence_consistency: Low textual support from the linked guideline excerpt for the keyed option/explanation (content overlap 7%)."
"paper-mcq:pulmonary-capillaritis","4","evidence_consistency: Low textual support from the linked guideline excerpt for the keyed option/explanation (content overlap 5%)."
"paper-mcq:rapidly-progressive-glomerulonephritis","0","evidence_consistency: Low textual support from the linked guideline excerpt for the keyed option/explanation (content overlap 16%). Numeric recommendation absent from the linked guideline excerpt: 2 years."
"paper-mcq:rapidly-progressive-glomerulonephritis","1","evidence_consistency: Numeric recommendation absent from the linked guideline excerpt: 1 year."
"paper-mcq:rapidly-progressive-glomerulonephritis","2","evidence_consistency: Low textual support from the linked guideline excerpt for the keyed option/explanation (content overlap 10%)."
"paper-mcq:rapidly-progressive-glomerulonephritis","3","evidence_consistency: Low textual support from the linked guideline excerpt for the keyed option/explanation (content overlap 6%). Numeric recommendation absent from the linked guideline excerpt: 50 mL."
"cold-start-mcq:anca-associated-vasculitis-steroid-sparing-therapy","0","evidence_consistency: Low textual support from the linked guideline excerpt for the keyed option/explanation (content overlap 15%)."
"cold-start-mcq:anca-associated-vasculitis-steroid-sparing-therapy","4","evidence_consistency: The question tests diagnosis, management, prognosis but the linked guideline excerpt addresses a different type of claim."
"guideline-mcq:pulmonary-vasculitis","0","evidence_consistency: Reference year(s) do not match the linked guideline excerpt (2021 vs 2022, 2023)."
"paper-mcq:induction-therapy-in-aav-rituximab-vs-cyclophosphamide-rituxvas-rave-trials","0","evidence_consistency: Low textual support from the linked guideline excerpt for the keyed option/explanation (content overlap 13%)."
"paper-mcq:anca-associated-vasculitis-gpa-mpa-egpa-classification-renal-involvement-anca-serology","2","evidence_consistency: Low textual support from the linked guideline excerpt for the keyed option/explanation (content overlap 15%)."
"paper-mcq:anca-associated-vasculitis-gpa-mpa-egpa-classification-renal-involvement-anca-serology","3","evidence_consistency: Low textual support from the linked guideline excerpt for the keyed option/explanation (content overlap 14%)."
"guideline-mcq:anca-associated-vasculitis-gpa-mpa-egpa-classification-renal-involvement-anca-serology","0","evidence_consistency: Low textual support from the linked guideline excerpt for the keyed option/explanation (content overlap 9%)."
"guideline-mcq:anca-associated-vasculitis-gpa-mpa-egpa-classification-renal-involvement-anca-serology","1","evidence_consistency: Low textual support from the linked guideline excerpt for the keyed option/explanation (content overlap 5%). Numeric recommendation absent from the linked guideline excerpt: 1000 mg, 3 days."
"guideline-mcq:ANCA-associated-vasculitis-renal-disease","0","evidence_consistency: Low textual support from the linked guideline excerpt for the keyed option/explanation (content overlap 5%)."
"cold-start-mcq:angioedema","1","evidence_consistency: Low textual support from the linked guideline excerpt for the keyed option/explanation (content overlap 12%)."
"cold-start-mcq:angioedema","2","evidence_consistency: Numeric recommendation absent from the linked guideline excerpt: 12 years."
"cold-start-mcq:angioedema","3","evidence_consistency: Low textual support from the linked guideline excerpt for the keyed option/explanation (content overlap 7%)."
"cold-start-mcq:angioedema","4","evidence_consistency: Low textual support from the linked guideline excerpt for the keyed option/explanation (content overlap 3%)."
"cold-start-mcq:anaphylaxis","0","evidence_consistency: Low textual support from the linked guideline excerpt for the keyed option/explanation (content overlap 5%)."
"cold-start-mcq:anaphylaxis","1","evidence_consistency: Low textual support from the linked guideline excerpt for the keyed option/explanation (content overlap 11%)."
"cold-start-mcq:anaphylaxis","3","evidence_consistency: Low textual support from the linked guideline excerpt for the keyed option/explanation (content overlap 2%)."
"cold-start-mcq:anaphylaxis","4","evidence_consistency: Low textual support from the linked guideline excerpt for the keyed option/explanation (content overlap 4%)."
"guideline-mcq:vasopressor-selection-in-septic-and-distributive-shock","0","evidence_consistency: Reference year(s) do not match the linked guideline excerpt (2023 vs 2024, 2026)."
"guideline-mcq:vasopressor-selection-in-septic-and-distributive-shock","1","evidence_consistency: Reference year(s) do not match the linked guideline excerpt (2023 vs 2024)."
"paper-mcq:angiotensin-ii-for-catecholamine-refractory-vasodilatory-shock","1","evidence_consistency: The question tests dose but the linked guideline excerpt addresses a different type of claim. Numeric recommendation absent from the linked guideline excerpt: 3 hours."
"paper-mcq:angiotensin-ii-for-catecholamine-refractory-vasodilatory-shock","2","evidence_consistency: Low textual support from the linked guideline excerpt for the keyed option/explanation (content overlap 0%). The question tests prognosis but the linked guideline excerpt addresses a different type of claim."
"paper-mcq:angiotensin-ii-for-catecholamine-refractory-vasodilatory-shock","3","evidence_consistency: Low textual support from the linked guideline excerpt for the keyed option/explanation (content overlap 6%). The question tests management but the linked guideline excerpt addresses a different type of claim."
"paper-mcq:angiotensin-ii-for-catecholamine-refractory-vasodilatory-shock","4","evidence_consistency: Low textual support from the linked guideline excerpt for the keyed option/explanation (content overlap 8%). The question tests diagnosis, dose but the linked guideline excerpt addresses a different type of claim. Numeric recommendation absent from the linked guideline excerpt: 0.2 mcg, 0.25 mcg."
"cold-start-mcq:ankylosing-spondylitis","0","evidence_consistency: Low textual support from the linked guideline excerpt for the keyed option/explanation (content overlap 12%)."
"cold-start-mcq:ankylosing-spondylitis","2","evidence_consistency: Low textual support from the linked guideline excerpt for the keyed option/explanation (content overlap 8%)."
"cold-start-mcq:ankylosing-spondylitis","4","evidence_consistency: Low textual support from the linked guideline excerpt for the keyed option/explanation (content overlap 4%)."
"paper-mcq:axial-spondyloarthritis-asas-criteria-nr-axspa-vs-as-mri-sacroiliitis","0","evidence_consistency: Low textual support from the linked guideline excerpt for the keyed option/explanation (content overlap 12%)."
"paper-mcq:axial-spondyloarthritis-asas-criteria-nr-axspa-vs-as-mri-sacroiliitis","1","evidence_consistency: Low textual support from the linked guideline excerpt for the keyed option/explanation (content overlap 7%). The question tests diagnosis but the linked guideline excerpt addresses a different type of claim."
"paper-mcq:axial-spondyloarthritis-asas-criteria-nr-axspa-vs-as-mri-sacroiliitis","2","evidence_consistency: Low textual support from the linked guideline excerpt for the keyed option/explanation (content overlap 11%)."
"paper-mcq:axial-spondyloarthritis-asas-criteria-nr-axspa-vs-as-mri-sacroiliitis","4","evidence_consistency: Low textual support from the linked guideline excerpt for the keyed option/explanation (content overlap 6%). The question tests diagnosis but the linked guideline excerpt addresses a different type of claim."
"guideline-mcq:ankylosing-spondylitis-and-axial-spondyloarthritis","3","evidence_consistency: Low textual support from the linked guideline excerpt for the keyed option/explanation (content overlap 13%)."
"paper-mcq:inflammatory-vs-mechanical-back-pain-red-flags-mri-indications-as-vs-degenerative","1","evidence_consistency: Low textual support from the linked guideline excerpt for the keyed option/explanation (content overlap 11%). The question tests diagnosis but the linked guideline excerpt addresses a different type of claim."
"paper-mcq:inflammatory-vs-mechanical-back-pain-red-flags-mri-indications-as-vs-degenerative","4","evidence_consistency: Low textual support from the linked guideline excerpt for the keyed option/explanation (content overlap 8%). The question tests prognosis but the linked guideline excerpt addresses a different type of claim."
"guideline-mcq:axial-spondyloarthritis-asas-criteria-nr-axspa-vs-as-mri-sacroiliitis","0","evidence_consistency: Low textual support from the linked guideline excerpt for the keyed option/explanation (content overlap 9%)."
"guideline-mcq:axial-spondyloarthritis-asas-criteria-nr-axspa-vs-as-mri-sacroiliitis","2","evidence_consistency: The question tests diagnosis but the linked guideline excerpt addresses a different type of claim."
"guideline-mcq:nitrate-therapy-gtn-isosorbide-mononitrate-tolerance-combination-use","3","evidence_consistency: Reference year(s) do not match the linked guideline excerpt (2019 vs 2022, 2023)."
"guideline-mcq:anorectal-disorders","2","evidence_consistency: Low textual support from the linked guideline excerpt for the keyed option/explanation (content overlap 12%)."
"paper-mcq:anorectal-disorders","0","evidence_consistency: Low textual support from the linked guideline excerpt for the keyed option/explanation (content overlap 4%). Numeric recommendation absent from the linked guideline excerpt: 1 year, 18 months, 2 years."
"paper-mcq:anorectal-disorders","1","evidence_consistency: Low textual support from the linked guideline excerpt for the keyed option/explanation (content overlap 11%)."
"paper-mcq:anorectal-disorders","2","evidence_consistency: Low textual support from the linked guideline excerpt for the keyed option/explanation (content overlap 0%). The question tests prognosis but the linked guideline excerpt addresses a different type of claim."
"paper-mcq:anorectal-disorders","3","evidence_consistency: Low textual support from the linked guideline excerpt for the keyed option/explanation (content overlap 10%)."
"guideline-mcq:anterior-mediastinal-masses","0","evidence_consistency: Low textual support from the linked guideline excerpt for the keyed option/explanation (content overlap 12%)."
"guideline-mcq:anthracycline-cardiotoxicity","0","evidence_consistency: The question tests diagnosis, management, prognosis but the linked guideline excerpt addresses a different type of claim. Reference year(s) do not match the linked guideline excerpt (2017, 2020 vs 2021, 2022)."
"guideline-mcq:anthracycline-cardiotoxicity","2","evidence_consistency: Reference year(s) do not match the linked guideline excerpt (2019 vs 2021, 2024)."
"guideline-mcq:anthracycline-cardiotoxicity","3","evidence_consistency: Reference year(s) do not match the linked guideline excerpt (2019, 2020 vs 2021, 2026)."
"guideline-mcq:anti-gbm-disease","3","evidence_consistency: The explanation admits inference, extrapolation, or incomplete source support. Low textual support from the linked guideline excerpt for the keyed option/explanation (content overlap 9%)."
"guideline-mcq:goodpasture-syndrome","3","evidence_consistency: The question tests dose but the linked guideline excerpt addresses a different type of claim."
"cold-start-mcq:interstitial-lung-disease","4","evidence_consistency: Low textual support from the linked guideline excerpt for the keyed option/explanation (content overlap 4%). The question tests diagnosis but the linked guideline excerpt addresses a different type of claim."
"guideline-mcq:anti-gbm-disease-and-goodpasture-syndrome","3","evidence_consistency: The question tests diagnosis, dose but the linked guideline excerpt addresses a different type of claim."
"paper-mcq:pulmonary-capillaritis","2","evidence_consistency: Low textual support from the linked guideline excerpt for the keyed option/explanation (content overlap 7%). The question tests management but the linked guideline excerpt addresses a different type of claim."
"paper-mcq:anti-gbm-disease-and-goodpasture-syndrome","0","evidence_consistency: Numeric recommendation absent from the linked guideline excerpt: 1 year."
"paper-mcq:anti-gbm-disease-and-goodpasture-syndrome","2","evidence_consistency: Low textual support from the linked guideline excerpt for the keyed option/explanation (content overlap 13%)."
"paper-mcq:il-6-inhibition-tocilizumab-sarilumab-in-ra-and-cytokine-storm-covid-19-trials","0","evidence_consistency: Low textual support from the linked guideline excerpt for the keyed option/explanation (content overlap 5%)."
"paper-mcq:il-6-inhibition-tocilizumab-sarilumab-in-ra-and-cytokine-storm-covid-19-trials","2","evidence_consistency: Low textual support from the linked guideline excerpt for the keyed option/explanation (content overlap 0%)."
"paper-mcq:il-6-inhibition-tocilizumab-sarilumab-in-ra-and-cytokine-storm-covid-19-trials","3","evidence_consistency: Low textual support from the linked guideline excerpt for the keyed option/explanation (content overlap 14%)."
"paper-mcq:il-6-inhibition-tocilizumab-sarilumab-in-ra-and-cytokine-storm-covid-19-trials","4","evidence_consistency: Low textual support from the linked guideline excerpt for the keyed option/explanation (content overlap 6%)."
"paper-mcq:tocilizumab-in-giant-cell-arteritis-giacta-trial-steroid-sparing-remission","0","evidence_consistency: Low textual support from the linked guideline excerpt for the keyed option/explanation (content overlap 11%)."
"guideline-mcq:il-6-inhibition-tocilizumab-sarilumab-in-ra-and-cytokine-storm-covid-19-trials","1","evidence_consistency: Low textual support from the linked guideline excerpt for the keyed option/explanation (content overlap 9%)."
"paper-mcq:juvenile-idiopathic-arthritis-subtypes","1","evidence_consistency: Low textual support from the linked guideline excerpt for the keyed option/explanation (content overlap 8%)."
"guideline-mcq:feltys-syndrome","3","evidence_consistency: Low textual support from the linked guideline excerpt for the keyed option/explanation (content overlap 6%). The question tests management but the linked guideline excerpt addresses a different type of claim. Reference year(s) do not match the linked guideline excerpt (2011 vs 2006)."
"cold-start-mcq:latent-tuberculosis","2","evidence_consistency: Low textual support from the linked guideline excerpt for the keyed option/explanation (content overlap 8%)."
"guideline-mcq:anti-tnf-alpha-therapies","2","evidence_consistency: The question tests management but the linked guideline excerpt addresses a different type of claim."
"guideline-mcq:tnf-inhibitors-in-ra-adalimumab-etanercept-infliximab-efficacy-tb-screening-contraindications","1","evidence_consistency: Low textual support from the linked guideline excerpt for the keyed option/explanation (content overlap 4%)."
"guideline-mcq:abatacept-in-ra-t-cell-co-stimulation-blockade-seropositive-advantage-safety-profile","3","evidence_consistency: Reference year(s) do not match the linked guideline excerpt (2018 vs 2010, 2024)."
"cold-start-mcq:tnf-inhibitors-in-ra-adalimumab-etanercept-infliximab-efficacy-tb-screening-contraindications","0","evidence_consistency: Low textual support from the linked guideline excerpt for the keyed option/explanation (content overlap 11%)."
"cold-start-mcq:tnf-inhibitors-in-ra-adalimumab-etanercept-infliximab-efficacy-tb-screening-contraindications","1","evidence_consistency: Low textual support from the linked guideline excerpt for the keyed option/explanation (content overlap 6%)."
"cold-start-mcq:tnf-inhibitors-in-ra-adalimumab-etanercept-infliximab-efficacy-tb-screening-contraindications","2","evidence_consistency: Low textual support from the linked guideline excerpt for the keyed option/explanation (content overlap 7%)."
"cold-start-mcq:tnf-inhibitors-in-ra-adalimumab-etanercept-infliximab-efficacy-tb-screening-contraindications","3","evidence_consistency: Low textual support from the linked guideline excerpt for the keyed option/explanation (content overlap 6%)."
"cold-start-mcq:tnf-inhibitors-in-ra-adalimumab-etanercept-infliximab-efficacy-tb-screening-contraindications","4","evidence_consistency: Low textual support from the linked guideline excerpt for the keyed option/explanation (content overlap 12%)."
"guideline-mcq:endocarditis-prophylaxis","1","evidence_consistency: Low textual support from the linked guideline excerpt for the keyed option/explanation (content overlap 12%)."
"guideline-mcq:endocarditis-prophylaxis","3","evidence_consistency: Low textual support from the linked guideline excerpt for the keyed option/explanation (content overlap 11%)."
"cold-start-mcq:endocarditis-prophylaxis","0","evidence_consistency: The question tests management but the linked guideline excerpt addresses a different type of claim."
"cold-start-mcq:endocarditis-prophylaxis","3","evidence_consistency: Low textual support from the linked guideline excerpt for the keyed option/explanation (content overlap 10%)."
"cold-start-mcq:endocarditis-prophylaxis","4","evidence_consistency: Numeric recommendation absent from the linked guideline excerpt: 1 hour."
"guideline-mcq:total-joint-replacement-in-oa-indications-outcomes-complications-revision-rates","1","evidence_consistency: Low textual support from the linked guideline excerpt for the keyed option/explanation (content overlap 14%). Numeric recommendation absent from the linked guideline excerpt: 2g. Reference year(s) do not match the linked guideline excerpt (2017 vs 1997)."
"guideline-mcq:pregnancy-in-rheumatic-disease-drug-safety-disease-monitoring-postpartum-flare-risk","2","evidence_consistency: Reference year(s) do not match the linked guideline excerpt (2018 vs 2007, 2023)."
"guideline-mcq:endocarditis-prophylaxis-nice-guidance-high-risk-cardiac-lesions-dental-procedures","0","evidence_consistency: Reference year(s) do not match the linked guideline excerpt (2007, 2017 vs 2023, 2024)."
"guideline-mcq:endocarditis-prophylaxis-nice-guidance-high-risk-cardiac-lesions-dental-procedures","1","evidence_consistency: Numeric recommendation absent from the linked guideline excerpt: 2g. Reference year(s) do not match the linked guideline excerpt (2007, 2017 vs 2023, 2024)."
"guideline-mcq:endocarditis-prophylaxis-nice-guidance-high-risk-cardiac-lesions-dental-procedures","2","evidence_consistency: Reference year(s) do not match the linked guideline excerpt (2007, 2017 vs 2023, 2024)."
"guideline-mcq:endocarditis-prophylaxis-nice-guidance-high-risk-cardiac-lesions-dental-procedures","3","evidence_consistency: Numeric recommendation absent from the linked guideline excerpt: 600mg. Reference year(s) do not match the linked guideline excerpt (2007, 2017 vs 2023, 2025)."
"guideline-mcq:infective-endocarditis-antimicrobial-and-oral-step-down-strategy","3","evidence_consistency: Low textual support from the linked guideline excerpt for the keyed option/explanation (content overlap 6%)."
"cold-start-mcq:antibiotic-stewardship","1","evidence_consistency: Low textual support from the linked guideline excerpt for the keyed option/explanation (content overlap 9%)."
"cold-start-mcq:antibiotic-stewardship","2","evidence_consistency: Low textual support from the linked guideline excerpt for the keyed option/explanation (content overlap 13%)."
"cold-start-mcq:antibiotic-stewardship","3","evidence_consistency: Low textual support from the linked guideline excerpt for the keyed option/explanation (content overlap 13%). The question tests management but the linked guideline excerpt addresses a different type of claim."
"guideline-mcq:antibiotic-stewardship","0","evidence_consistency: Low textual support from the linked guideline excerpt for the keyed option/explanation (content overlap 5%). The question tests diagnosis but the linked guideline excerpt addresses a different type of claim."
"paper-mcq:global-burden-bacterial-antimicrobial-resistance","3","evidence_consistency: Low textual support from the linked guideline excerpt for the keyed option/explanation (content overlap 9%). The question tests management but the linked guideline excerpt addresses a different type of claim."
"cold-start-mcq:antimicrobial-resistance-burden","3","evidence_consistency: Low textual support from the linked guideline excerpt for the keyed option/explanation (content overlap 9%). The question tests screening but the linked guideline excerpt addresses a different type of claim."
"cold-start-mcq:venous-thromboembolism-anticoagulation","3","evidence_consistency: Low textual support from the linked guideline excerpt for the keyed option/explanation (content overlap 14%)."
"guideline-mcq:anticoagulation-in-malignancy","0","evidence_consistency: Numeric recommendation absent from the linked guideline excerpt: 3 months."
"cold-start-mcq:cancer-associated-thrombosis","4","evidence_consistency: Numeric recommendation absent from the linked guideline excerpt: 6 months."
"paper-mcq:anticoagulation-in-malignancy","2","evidence_consistency: Low textual support from the linked guideline excerpt for the keyed option/explanation (content overlap 16%)."
"paper-mcq:anticoagulation-in-malignancy","3","evidence_consistency: Low textual support from the linked guideline excerpt for the keyed option/explanation (content overlap 12%)."
"cold-start-mcq:antiepileptic-drug-choice","0","evidence_consistency: Low textual support from the linked guideline excerpt for the keyed option/explanation (content overlap 9%). The question tests management but the linked guideline excerpt addresses a different type of claim."
"cold-start-mcq:antiepileptic-drug-choice","2","evidence_consistency: Low textual support from the linked guideline excerpt for the keyed option/explanation (content overlap 10%)."
"cold-start-mcq:antiepileptic-drug-choice","3","evidence_consistency: Low textual support from the linked guideline excerpt for the keyed option/explanation (content overlap 2%). The question tests dose but the linked guideline excerpt addresses a different type of claim."
"cold-start-mcq:antiepileptic-drug-choice","4","evidence_consistency: Low textual support from the linked guideline excerpt for the keyed option/explanation (content overlap 10%). The question tests diagnosis, management but the linked guideline excerpt addresses a different type of claim."
"cold-start-mcq:agitation","2","evidence_consistency: Low textual support from the linked guideline excerpt for the keyed option/explanation (content overlap 7%). The question tests diagnosis, management but the linked guideline excerpt addresses a different type of claim."
"guideline-mcq:antiepileptic-drug-choice","2","evidence_consistency: Low textual support from the linked guideline excerpt for the keyed option/explanation (content overlap 3%). The question tests management but the linked guideline excerpt addresses a different type of claim."
"guideline-mcq:antiepileptic-drug-choice","3","evidence_consistency: The explanation admits inference, extrapolation, or incomplete source support. Low textual support from the linked guideline excerpt for the keyed option/explanation (content overlap 2%). Reference year(s) do not match the linked guideline excerpt (2024 vs 2025)."
"guideline-mcq:antiepileptic-drug-choice","4","evidence_consistency: Low textual support from the linked guideline excerpt for the keyed option/explanation (content overlap 3%). The question tests management but the linked guideline excerpt addresses a different type of claim. Numeric recommendation absent from the linked guideline excerpt: 2 weeks."
"guideline-mcq:thyroid-function-in-pregnancy-trimester-specific-tsh-ranges-foetal-development","1","evidence_consistency: Low textual support from the linked guideline excerpt for the keyed option/explanation (content overlap 10%). Numeric recommendation absent from the linked guideline excerpt: 2 weeks."
"guideline-mcq:Epilepsy-antiseizure-medication-selection","1","evidence_consistency: Low textual support from the linked guideline excerpt for the keyed option/explanation (content overlap 13%)."
"guideline-mcq:Epilepsy-antiseizure-medication-selection","2","evidence_consistency: The question tests diagnosis but the linked guideline excerpt addresses a different type of claim."
"cold-start-mcq:toxic-epidermal-necrolysis","4","evidence_consistency: Low textual support from the linked guideline excerpt for the keyed option/explanation (content overlap 10%)."
"paper-mcq:antifungal-agents-azoles-echinocandins-polyenes-mechanisms-spectrum-drug-interactions","0","evidence_consistency: Low textual support from the linked guideline excerpt for the keyed option/explanation (content overlap 7%)."
"paper-mcq:antifungal-agents-azoles-echinocandins-polyenes-mechanisms-spectrum-drug-interactions","1","evidence_consistency: Low textual support from the linked guideline excerpt for the keyed option/explanation (content overlap 7%)."
"paper-mcq:antifungal-agents-azoles-echinocandins-polyenes-mechanisms-spectrum-drug-interactions","2","evidence_consistency: Low textual support from the linked guideline excerpt for the keyed option/explanation (content overlap 4%)."
"paper-mcq:antifungal-agents-azoles-echinocandins-polyenes-mechanisms-spectrum-drug-interactions","3","evidence_consistency: Low textual support from the linked guideline excerpt for the keyed option/explanation (content overlap 4%)."
"paper-mcq:antifungal-agents-azoles-echinocandins-polyenes-mechanisms-spectrum-drug-interactions","4","evidence_consistency: Low textual support from the linked guideline excerpt for the keyed option/explanation (content overlap 5%)."
"guideline-mcq:candidemia-and-invasive-fungal-infections-in-the-icu","3","evidence_consistency: Low textual support from the linked guideline excerpt for the keyed option/explanation (content overlap 4%)."
"cold-start-mcq:intrinsic-acute-kidney-injury","3","evidence_consistency: Low textual support from the linked guideline excerpt for the keyed option/explanation (content overlap 0%)."
"cold-start-mcq:infection-prevention-and-control-standard-precautions-contact-isolation-hand-hygiene-evidence","3","evidence_consistency: Low textual support from the linked guideline excerpt for the keyed option/explanation (content overlap 6%)."
"paper-mcq:antifungals-in-icu","0","evidence_consistency: Low textual support from the linked guideline excerpt for the keyed option/explanation (content overlap 4%)."
"paper-mcq:antifungals-in-icu","1","evidence_consistency: Low textual support from the linked guideline excerpt for the keyed option/explanation (content overlap 4%). The question tests screening but the linked guideline excerpt addresses a different type of claim."
"paper-mcq:antifungals-in-icu","2","evidence_consistency: Low textual support from the linked guideline excerpt for the keyed option/explanation (content overlap 12%)."
"paper-mcq:antifungals-in-icu","3","evidence_consistency: Low textual support from the linked guideline excerpt for the keyed option/explanation (content overlap 11%)."
"paper-mcq:antifungals-in-icu","4","evidence_consistency: Low textual support from the linked guideline excerpt for the keyed option/explanation (content overlap 7%)."
"paper-mcq:antifungals-in-icu-current-clinical-practice-guideline-recommendation","1","evidence_consistency: Low textual support from the linked guideline excerpt for the keyed option/explanation (content overlap 10%)."
"paper-mcq:antifungals-in-icu-current-clinical-practice-guideline-recommendation","4","evidence_consistency: Low textual support from the linked guideline excerpt for the keyed option/explanation (content overlap 8%)."
"guideline-mcq:candidaemia-and-invasive-candidiasis-in-the-icu","1","evidence_consistency: Low textual support from the linked guideline excerpt for the keyed option/explanation (content overlap 10%). The question tests diagnosis but the linked guideline excerpt addresses a different type of claim."
"guideline-mcq:candidaemia-and-invasive-candidiasis-in-the-icu","2","evidence_consistency: Low textual support from the linked guideline excerpt for the keyed option/explanation (content overlap 6%)."
"guideline-mcq:candidaemia-and-invasive-candidiasis-in-the-icu","3","evidence_consistency: Low textual support from the linked guideline excerpt for the keyed option/explanation (content overlap 11%). The question tests diagnosis but the linked guideline excerpt addresses a different type of claim."
"cold-start-mcq:invasive-candidiasis-and-candidemia-antifungal-therapy","2","evidence_consistency: Numeric recommendation absent from the linked guideline excerpt: 50 mg, 70 mg."
"guideline-mcq:invasive-candidiasis-and-candidemia-antifungal-therapy","0","evidence_consistency: Numeric recommendation absent from the linked guideline excerpt: 50 mg, 70 mg."
"guideline-mcq:invasive-candidiasis-and-candidemia-antifungal-therapy","1","evidence_consistency: Low textual support from the linked guideline excerpt for the keyed option/explanation (content overlap 16%)."
"guideline-mcq:candidemia-and-invasive-fungal-infections-in-the-icu","1","evidence_consistency: Reference year(s) do not match the linked guideline excerpt (2020 vs 2025)."
"guideline-mcq:candidemia-and-invasive-fungal-infections-in-the-icu","2","evidence_consistency: Reference year(s) do not match the linked guideline excerpt (2020 vs 2025)."
"guideline-mcq:Candidemia-and-invasive-fungal-infections-in-the-ICU","1","evidence_consistency: Low textual support from the linked guideline excerpt for the keyed option/explanation (content overlap 14%)."
"guideline-mcq:Candidemia-and-invasive-fungal-infections-in-the-ICU","2","evidence_consistency: Low textual support from the linked guideline excerpt for the keyed option/explanation (content overlap 14%)."
"paper-mcq:pyelonephritis-inpatient-vs-outpatient-management-gram-negative-coverage-imaging-indications","1","evidence_consistency: Low textual support from the linked guideline excerpt for the keyed option/explanation (content overlap 10%)."
"paper-mcq:pyelonephritis-inpatient-vs-outpatient-management-gram-negative-coverage-imaging-indications","2","evidence_consistency: Low textual support from the linked guideline excerpt for the keyed option/explanation (content overlap 15%). Numeric recommendation absent from the linked guideline excerpt: 70 years."
"paper-mcq:pyelonephritis-inpatient-vs-outpatient-management-gram-negative-coverage-imaging-indications","4","evidence_consistency: Low textual support from the linked guideline excerpt for the keyed option/explanation (content overlap 2%). Numeric recommendation absent from the linked guideline excerpt: 70 years, 72 years."
"paper-mcq:global-burden-bacterial-antimicrobial-resistance","2","evidence_consistency: Low textual support from the linked guideline excerpt for the keyed option/explanation (content overlap 7%)."
"paper-mcq:global-burden-bacterial-antimicrobial-resistance","4","evidence_consistency: Low textual support from the linked guideline excerpt for the keyed option/explanation (content overlap 7%)."
"cold-start-mcq:antimicrobial-resistance-burden","0","evidence_consistency: Low textual support from the linked guideline excerpt for the keyed option/explanation (content overlap 9%)."
"guideline-mcq:Antimicrobial-resistance-burden","1","evidence_consistency: Low textual support from the linked guideline excerpt for the keyed option/explanation (content overlap 10%). The question tests diagnosis but the linked guideline excerpt addresses a different type of claim."
"guideline-mcq:Antimicrobial-resistance-burden","2","evidence_consistency: Low textual support from the linked guideline excerpt for the keyed option/explanation (content overlap 12%). The question tests diagnosis, management but the linked guideline excerpt addresses a different type of claim."
"guideline-mcq:antimicrobial-stewardship-program-implementation","2","evidence_consistency: The question tests screening but the linked guideline excerpt addresses a different type of claim."
"paper-mcq:antibiotic-stewardship-for-common-infections","2","evidence_consistency: Low textual support from the linked guideline excerpt for the keyed option/explanation (content overlap 12%)."
"guideline-mcq:Antimicrobial-stewardship-program-implementation","0","evidence_consistency: Low textual support from the linked guideline excerpt for the keyed option/explanation (content overlap 7%)."
"guideline-mcq:Antimicrobial-stewardship-program-implementation","1","evidence_consistency: Low textual support from the linked guideline excerpt for the keyed option/explanation (content overlap 12%)."
"guideline-mcq:acute-asthma-exacerbation","0","evidence_consistency: Low textual support from the linked guideline excerpt for the keyed option/explanation (content overlap 4%). The question tests management but the linked guideline excerpt addresses a different type of claim."
"paper-mcq:community--and-hospital-acquired-pneumonia","2","evidence_consistency: Low textual support from the linked guideline excerpt for the keyed option/explanation (content overlap 0%). The question tests prognosis but the linked guideline excerpt addresses a different type of claim."
"paper-mcq:community--and-hospital-acquired-pneumonia","4","evidence_consistency: Low textual support from the linked guideline excerpt for the keyed option/explanation (content overlap 0%). The question tests management, prognosis but the linked guideline excerpt addresses a different type of claim."
"paper-mcq:pyelonephritis-inpatient-vs-outpatient-management-gram-negative-coverage-imaging-indications","3","evidence_consistency: Numeric recommendation absent from the linked guideline excerpt: 10 days."
"guideline-mcq:antimicrobial-resistance-burden","3","evidence_consistency: Low textual support from the linked guideline excerpt for the keyed option/explanation (content overlap 12%). The question tests diagnosis, management, prognosis but the linked guideline excerpt addresses a different type of claim."
"paper-mcq:community-acquired-pneumonia-diagnosis-empiric-antibiotic-management-guideline-adult","4","evidence_consistency: Low textual support from the linked guideline excerpt for the keyed option/explanation (content overlap 10%). Numeric recommendation absent from the linked guideline excerpt: 5 days."
"paper-mcq:pneumonia","4","evidence_consistency: Low textual support from the linked guideline excerpt for the keyed option/explanation (content overlap 9%)."
"guideline-mcq:antimicrobial-stewardship-iv-to-oral-switch-duration-of-therapy-procalcitonin-guided-therapy","0","evidence_consistency: Low textual support from the linked guideline excerpt for the keyed option/explanation (content overlap 16%)."
"guideline-mcq:antimicrobial-stewardship-iv-to-oral-switch-duration-of-therapy-procalcitonin-guided-therapy","2","evidence_consistency: Low textual support from the linked guideline excerpt for the keyed option/explanation (content overlap 2%). The question tests management but the linked guideline excerpt addresses a different type of claim."
"guideline-mcq:antimicrobial-stewardship-iv-to-oral-switch-duration-of-therapy-procalcitonin-guided-therapy","3","evidence_consistency: Low textual support from the linked guideline excerpt for the keyed option/explanation (content overlap 2%). Numeric recommendation absent from the linked guideline excerpt: 3 days."
"paper-mcq:antimicrobial-stewardship-iv-to-oral-switch-duration-of-therapy-procalcitonin-guided-therapy","0","evidence_consistency: Low textual support from the linked guideline excerpt for the keyed option/explanation (content overlap 5%)."
"paper-mcq:antimicrobial-stewardship-iv-to-oral-switch-duration-of-therapy-procalcitonin-guided-therapy","1","evidence_consistency: Low textual support from the linked guideline excerpt for the keyed option/explanation (content overlap 0%)."
"paper-mcq:antimicrobial-stewardship-iv-to-oral-switch-duration-of-therapy-procalcitonin-guided-therapy","2","evidence_consistency: Low textual support from the linked guideline excerpt for the keyed option/explanation (content overlap 9%)."
"paper-mcq:antimicrobial-stewardship-iv-to-oral-switch-duration-of-therapy-procalcitonin-guided-therapy","3","evidence_consistency: Low textual support from the linked guideline excerpt for the keyed option/explanation (content overlap 3%). The question tests prognosis but the linked guideline excerpt addresses a different type of claim."
"paper-mcq:antibiotic-stewardship-for-common-infections","3","evidence_consistency: Low textual support from the linked guideline excerpt for the keyed option/explanation (content overlap 0%). The question tests prognosis but the linked guideline excerpt addresses a different type of claim."
"cold-start-mcq:community-acquired-pneumonia-curb-65-psi-empirical-therapy-atypical-pathogens","4","evidence_consistency: Low textual support from the linked guideline excerpt for the keyed option/explanation (content overlap 5%). Numeric recommendation absent from the linked guideline excerpt: 10 day."
"guideline-mcq:antiphospholipid-syndrome","1","evidence_consistency: Low textual support from the linked guideline excerpt for the keyed option/explanation (content overlap 4%). Reference year(s) do not match the linked guideline excerpt (2017 vs 2008, 2025)."
"guideline-mcq:antiphospholipid-syndrome","2","evidence_consistency: Reference year(s) do not match the linked guideline excerpt (2012 vs 2008, 2025)."
"guideline-mcq:antiphospholipid-syndrome","3","evidence_consistency: Numeric recommendation absent from the linked guideline excerpt: 12 weeks."
"paper-mcq:antiphospholipid-syndrome","1","evidence_consistency: Low textual support from the linked guideline excerpt for the keyed option/explanation (content overlap 11%)."
"paper-mcq:antiphospholipid-syndrome","2","evidence_consistency: Low textual support from the linked guideline excerpt for the keyed option/explanation (content overlap 14%). Numeric recommendation absent from the linked guideline excerpt: 12 weeks."
"cold-start-mcq:antiphospholipid-syndrome-anticoagulation-strategy","0","evidence_consistency: Low textual support from the linked guideline excerpt for the keyed option/explanation (content overlap 10%). The question tests management but the linked guideline excerpt addresses a different type of claim."
"guideline-mcq:direct-oral-anticoagulants-dabigatran-rivaroxaban-apixaban-reversal-agents","2","evidence_consistency: The question tests management but the linked guideline excerpt addresses a different type of claim. Reference year(s) do not match the linked guideline excerpt (2021 vs 2020)."
"cold-start-mcq:systemic-lupus-erythematosus","2","evidence_consistency: The explanation admits inference, extrapolation, or incomplete source support."
"guideline-mcq:venous-thromboembolism-direct-oral-anticoagulant-therapy","2","evidence_consistency: Low textual support from the linked guideline excerpt for the keyed option/explanation (content overlap 14%). Reference year(s) do not match the linked guideline excerpt (2021 vs 2020)."
"guideline-mcq:Antiphospholipid-syndrome-anticoagulation-strategy","0","evidence_consistency: The explanation admits inference, extrapolation, or incomplete source support."
"guideline-mcq:antiphospholipid-syndrome-anticoagulation-strategy","0","evidence_consistency: Low textual support from the linked guideline excerpt for the keyed option/explanation (content overlap 7%). The question tests dose, management but the linked guideline excerpt addresses a different type of claim. Numeric recommendation absent from the linked guideline excerpt: 0 weeks, 2 weeks."
"guideline-mcq:antiphospholipid-syndrome-anticoagulation-strategy","2","evidence_consistency: Low textual support from the linked guideline excerpt for the keyed option/explanation (content overlap 8%). The question tests dose but the linked guideline excerpt addresses a different type of claim."
"paper-mcq:antiphospholipid-syndrome-sapporo-criteria-thrombosis-obstetric-aps-management","1","evidence_consistency: Low textual support from the linked guideline excerpt for the keyed option/explanation (content overlap 7%)."
"paper-mcq:antiphospholipid-syndrome-sapporo-criteria-thrombosis-obstetric-aps-management","2","evidence_consistency: Numeric recommendation absent from the linked guideline excerpt: 12 weeks."
"paper-mcq:antiphospholipid-syndrome-sapporo-criteria-thrombosis-obstetric-aps-management","3","evidence_consistency: Numeric recommendation absent from the linked guideline excerpt: 10 weeks."
"paper-mcq:antiphospholipid-syndrome-sapporo-criteria-thrombosis-obstetric-aps-management","4","evidence_consistency: Low textual support from the linked guideline excerpt for the keyed option/explanation (content overlap 0%)."
"paper-mcq:antiphospholipid-syndrome","3","evidence_consistency: Low textual support from the linked guideline excerpt for the keyed option/explanation (content overlap 7%)."
"guideline-mcq:antiphospholipid-syndrome-anticoagulation-strategy","1","evidence_consistency: Low textual support from the linked guideline excerpt for the keyed option/explanation (content overlap 7%). The question tests dose, management but the linked guideline excerpt addresses a different type of claim. Numeric recommendation absent from the linked guideline excerpt: 2 hours."
"guideline-mcq:Antipsychotic-metabolic-monitoring","1","evidence_consistency: Low textual support from the linked guideline excerpt for the keyed option/explanation (content overlap 8%). The question tests dose but the linked guideline excerpt addresses a different type of claim."
"guideline-mcq:Antipsychotic-metabolic-monitoring","2","evidence_consistency: Low textual support from the linked guideline excerpt for the keyed option/explanation (content overlap 14%)."
"guideline-mcq:antithrombin-protein-c-and-protein-s-deficiencies","2","evidence_consistency: Low textual support from the linked guideline excerpt for the keyed option/explanation (content overlap 9%)."
"guideline-mcq:Antithrombotic-therapy-after-TAVR","0","evidence_consistency: Numeric recommendation absent from the linked guideline excerpt: 6 months."
"guideline-mcq:Antithrombotic-therapy-after-TAVR","1","evidence_consistency: Low textual support from the linked guideline excerpt for the keyed option/explanation (content overlap 12%). Numeric recommendation absent from the linked guideline excerpt: 6 months."
"guideline-mcq:Antithrombotic-therapy-after-TAVR","2","evidence_consistency: Low textual support from the linked guideline excerpt for the keyed option/explanation (content overlap 9%)."
"guideline-mcq:transcatheter-aortic-valve-implantation-tavi-patient-selection-access-complications","0","evidence_consistency: Reference year(s) do not match the linked guideline excerpt (2018 vs 2010, 2017)."
"guideline-mcq:landmark-structural-cardiology-trials-partner-coapt-triluminate-milestones","0","evidence_consistency: Low textual support from the linked guideline excerpt for the keyed option/explanation (content overlap 4%). Reference year(s) do not match the linked guideline excerpt (2020 vs 2013, 2014)."
"paper-mcq:transcatheter-aortic-valve-replacement-balloon-expandable-low-risk-patients","1","evidence_consistency: Low textual support from the linked guideline excerpt for the keyed option/explanation (content overlap 14%). Numeric recommendation absent from the linked guideline excerpt: 1 year, 30 days."
"paper-mcq:transcatheter-aortic-valve-replacement-balloon-expandable-low-risk-patients","2","evidence_consistency: Low textual support from the linked guideline excerpt for the keyed option/explanation (content overlap 15%). Numeric recommendation absent from the linked guideline excerpt: 1 year."
"paper-mcq:transcatheter-aortic-valve-replacement-balloon-expandable-low-risk-patients","3","evidence_consistency: Numeric recommendation absent from the linked guideline excerpt: 2 years."
"paper-mcq:transcatheter-aortic-valve-replacement-balloon-expandable-low-risk-patients","4","evidence_consistency: Numeric recommendation absent from the linked guideline excerpt: 5 years."
"paper-mcq:tavi-aortic-stenosis","0","evidence_consistency: Numeric recommendation absent from the linked guideline excerpt: 1 year, 2 years."
"paper-mcq:tavi-aortic-stenosis","3","evidence_consistency: Low textual support from the linked guideline excerpt for the keyed option/explanation (content overlap 7%). The question tests prognosis but the linked guideline excerpt addresses a different type of claim."
"cold-start-mcq:aortic-stenosis-tavr","1","evidence_consistency: Low textual support from the linked guideline excerpt for the keyed option/explanation (content overlap 15%)."
"cold-start-mcq:aortic-stenosis-tavr","2","evidence_consistency: Low textual support from the linked guideline excerpt for the keyed option/explanation (content overlap 16%)."
"cold-start-mcq:aortic-stenosis-tavr","3","evidence_consistency: The explanation admits inference, extrapolation, or incomplete source support. The question tests management, prognosis but the linked guideline excerpt addresses a different type of claim."
"guideline-mcq:aortic-stenosis-tavr","1","evidence_consistency: The question tests prognosis but the linked guideline excerpt addresses a different type of claim."
"guideline-mcq:Aortic-stenosis-TAVR","2","evidence_consistency: Low textual support from the linked guideline excerpt for the keyed option/explanation (content overlap 14%)."
"guideline-mcq:aortic-stenosis-grading-severity-low-flow-low-gradient-intervention-timing","0","evidence_consistency: The question tests diagnosis but the linked guideline excerpt addresses a different type of claim."
"guideline-mcq:aortic-stenosis-grading-severity-low-flow-low-gradient-intervention-timing","2","evidence_consistency: Low textual support from the linked guideline excerpt for the keyed option/explanation (content overlap 11%)."
"guideline-mcq:landmark-structural-cardiology-trials-partner-coapt-triluminate-milestones","1","evidence_consistency: Low textual support from the linked guideline excerpt for the keyed option/explanation (content overlap 11%)."
"cold-start-mcq:prognosis-of-aortic-stenosis","2","evidence_consistency: Low textual support from the linked guideline excerpt for the keyed option/explanation (content overlap 14%). The question tests management, prognosis but the linked guideline excerpt addresses a different type of claim."
"paper-mcq:tavi-aortic-stenosis","1","evidence_consistency: The question tests diagnosis but the linked guideline excerpt addresses a different type of claim."
"cold-start-mcq:apixaban-versus-rivaroxaban-atrial-fibrillation","0","evidence_consistency: Low textual support from the linked guideline excerpt for the keyed option/explanation (content overlap 7%). The question tests diagnosis, dose but the linked guideline excerpt addresses a different type of claim."
"cold-start-mcq:apixaban-versus-warfarin-atrial-fibrillation-aristotle","0","evidence_consistency: Low textual support from the linked guideline excerpt for the keyed option/explanation (content overlap 6%). The question tests prognosis but the linked guideline excerpt addresses a different type of claim."
"cold-start-mcq:apixaban-versus-warfarin-atrial-fibrillation-aristotle","1","evidence_consistency: Low textual support from the linked guideline excerpt for the keyed option/explanation (content overlap 8%). The question tests prognosis but the linked guideline excerpt addresses a different type of claim."
"cold-start-mcq:apixaban-versus-warfarin-atrial-fibrillation-aristotle","2","evidence_consistency: Low textual support from the linked guideline excerpt for the keyed option/explanation (content overlap 5%)."
"cold-start-mcq:apixaban-versus-warfarin-atrial-fibrillation-aristotle","3","evidence_consistency: Low textual support from the linked guideline excerpt for the keyed option/explanation (content overlap 5%). The question tests prognosis but the linked guideline excerpt addresses a different type of claim."
"paper-mcq:apixaban-versus-warfarin-atrial-fibrillation","0","evidence_consistency: Low textual support from the linked guideline excerpt for the keyed option/explanation (content overlap 4%). The question tests prognosis but the linked guideline excerpt addresses a different type of claim."
"paper-mcq:apixaban-versus-warfarin-atrial-fibrillation","1","evidence_consistency: Low textual support from the linked guideline excerpt for the keyed option/explanation (content overlap 3%). The question tests prognosis but the linked guideline excerpt addresses a different type of claim."
"paper-mcq:apixaban-versus-warfarin-atrial-fibrillation","2","evidence_consistency: Low textual support from the linked guideline excerpt for the keyed option/explanation (content overlap 3%). The question tests prognosis but the linked guideline excerpt addresses a different type of claim."
"paper-mcq:apixaban-versus-warfarin-atrial-fibrillation","3","evidence_consistency: Low textual support from the linked guideline excerpt for the keyed option/explanation (content overlap 6%)."
"paper-mcq:apixaban-versus-warfarin-atrial-fibrillation","4","evidence_consistency: Low textual support from the linked guideline excerpt for the keyed option/explanation (content overlap 3%). The question tests prognosis but the linked guideline excerpt addresses a different type of claim."
"guideline-mcq:apixaban-versus-warfarin-atrial-fibrillation-ARISTOTLE","0","evidence_consistency: Low textual support from the linked guideline excerpt for the keyed option/explanation (content overlap 8%)."
"guideline-mcq:apixaban-versus-warfarin-atrial-fibrillation-ARISTOTLE","1","evidence_consistency: Low textual support from the linked guideline excerpt for the keyed option/explanation (content overlap 8%)."
"guideline-mcq:apixaban-versus-warfarin-atrial-fibrillation-ARISTOTLE","2","evidence_consistency: Low textual support from the linked guideline excerpt for the keyed option/explanation (content overlap 9%). The question tests prognosis but the linked guideline excerpt addresses a different type of claim."
"guideline-mcq:aplastic-anaemia","2","evidence_consistency: Low textual support from the linked guideline excerpt for the keyed option/explanation (content overlap 13%)."
"paper-mcq:amegakaryocytic-thrombocytopenia","0","evidence_consistency: Low textual support from the linked guideline excerpt for the keyed option/explanation (content overlap 7%). Numeric recommendation absent from the linked guideline excerpt: 12 weeks, 4.4 g."
"paper-mcq:amegakaryocytic-thrombocytopenia","1","evidence_consistency: Low textual support from the linked guideline excerpt for the keyed option/explanation (content overlap 12%). Numeric recommendation absent from the linked guideline excerpt: 6 months."
"paper-mcq:amegakaryocytic-thrombocytopenia","3","evidence_consistency: Low textual support from the linked guideline excerpt for the keyed option/explanation (content overlap 6%)."
"paper-mcq:aplastic-anaemia","0","evidence_consistency: Low textual support from the linked guideline excerpt for the keyed option/explanation (content overlap 12%). Numeric recommendation absent from the linked guideline excerpt: 17 days, 2 years."
"paper-mcq:aplastic-anaemia","1","evidence_consistency: Low textual support from the linked guideline excerpt for the keyed option/explanation (content overlap 4%). Numeric recommendation absent from the linked guideline excerpt: 2 years."
"paper-mcq:aplastic-anaemia","2","evidence_consistency: Low textual support from the linked guideline excerpt for the keyed option/explanation (content overlap 0%). Numeric recommendation absent from the linked guideline excerpt: 4 years."
"paper-mcq:aplastic-anaemia","3","evidence_consistency: Low textual support from the linked guideline excerpt for the keyed option/explanation (content overlap 6%). The question tests prognosis but the linked guideline excerpt addresses a different type of claim."
"guideline-mcq:aplastic-anaemia-immunosuppression-with-atg-and-eltrombopag","1","evidence_consistency: Numeric recommendation absent from the linked guideline excerpt: 150 mg, 50 mg."
"guideline-mcq:aplastic-anaemia-immunosuppression-with-atg-and-eltrombopag","2","evidence_consistency: Low textual support from the linked guideline excerpt for the keyed option/explanation (content overlap 8%)."
"cold-start-mcq:appendicitis","2","evidence_consistency: Low textual support from the linked guideline excerpt for the keyed option/explanation (content overlap 4%)."
"cold-start-mcq:appendicitis","4","evidence_consistency: Low textual support from the linked guideline excerpt for the keyed option/explanation (content overlap 8%)."
"guideline-mcq:intra-abdominal-infections-source-control-principles-empirical-antibiotics-peritonitis","1","evidence_consistency: Low textual support from the linked guideline excerpt for the keyed option/explanation (content overlap 9%). Reference year(s) do not match the linked guideline excerpt (2023 vs 2025, 2026)."
"cold-start-mcq:diagnosing-appendicitis-in-children","1","evidence_consistency: Low textual support from the linked guideline excerpt for the keyed option/explanation (content overlap 6%)."
"cold-start-mcq:diagnosing-appendicitis-in-children","2","evidence_consistency: Low textual support from the linked guideline excerpt for the keyed option/explanation (content overlap 9%)."
"paper-mcq:appendicitis","0","evidence_consistency: Numeric recommendation absent from the linked guideline excerpt: 90 days."
"paper-mcq:appendicitis","2","evidence_consistency: Numeric recommendation absent from the linked guideline excerpt: 1 year."
"paper-mcq:appendicitis","3","evidence_consistency: Low textual support from the linked guideline excerpt for the keyed option/explanation (content overlap 13%). Numeric recommendation absent from the linked guideline excerpt: 1 year, 90 days."
"guideline-mcq:ards-berlin-definition-lung-protective-ventilation","0","evidence_consistency: Low textual support from the linked guideline excerpt for the keyed option/explanation (content overlap 10%). Reference year(s) do not match the linked guideline excerpt (2021 vs 2017, 2019)."
"guideline-mcq:vq-mismatch-and-pulmonary-gas-exchange","1","evidence_consistency: Low textual support from the linked guideline excerpt for the keyed option/explanation (content overlap 0%). The question tests screening but the linked guideline excerpt addresses a different type of claim. Reference year(s) do not match the linked guideline excerpt (2023 vs 2019)."
"guideline-mcq:ards","4","evidence_consistency: Numeric recommendation absent from the linked guideline excerpt: 520 mL, 65 kg."
"guideline-mcq:ARDS","1","evidence_consistency: Low textual support from the linked guideline excerpt for the keyed option/explanation (content overlap 11%)."
"paper-mcq:ards-guidelines","0","evidence_consistency: Numeric recommendation absent from the linked guideline excerpt: 6 mL."
"paper-mcq:ards-guidelines","4","evidence_consistency: Low textual support from the linked guideline excerpt for the keyed option/explanation (content overlap 3%)."
"cold-start-mcq:ards","4","evidence_consistency: Low textual support from the linked guideline excerpt for the keyed option/explanation (content overlap 11%). Numeric recommendation absent from the linked guideline excerpt: 18 hours."
"guideline-mcq:ards-berlin-definition-lung-protective-ventilation","1","evidence_consistency: The explanation admits inference, extrapolation, or incomplete source support. The question tests management, prognosis but the linked guideline excerpt addresses a different type of claim."
"guideline-mcq:ards","3","evidence_consistency: The question tests prognosis but the linked guideline excerpt addresses a different type of claim."
"paper-mcq:prone-positioning-severe-acute-respiratory-distress-syndrome","2","evidence_consistency: Low textual support from the linked guideline excerpt for the keyed option/explanation (content overlap 15%)."
"paper-mcq:prone-positioning-severe-acute-respiratory-distress-syndrome","3","evidence_consistency: Low textual support from the linked guideline excerpt for the keyed option/explanation (content overlap 16%)."
"guideline-mcq:prone-positioning-in-moderate-severe-ards","0","evidence_consistency: The question tests diagnosis, management but the linked guideline excerpt addresses a different type of claim. Numeric recommendation absent from the linked guideline excerpt: 16 hours. Reference year(s) do not match the linked guideline excerpt (2021 vs 2019, 2023)."
"guideline-mcq:prone-positioning-in-moderate-severe-ards","1","evidence_consistency: The question tests management but the linked guideline excerpt addresses a different type of claim. Reference year(s) do not match the linked guideline excerpt (2021 vs 2012)."
"guideline-mcq:prone-positioning-in-moderate-severe-ards","2","evidence_consistency: Low textual support from the linked guideline excerpt for the keyed option/explanation (content overlap 12%). The question tests screening but the linked guideline excerpt addresses a different type of claim. Reference year(s) do not match the linked guideline excerpt (2021 vs 2019, 2023)."
"guideline-mcq:prone-positioning-in-moderate-severe-ards","3","evidence_consistency: Low textual support from the linked guideline excerpt for the keyed option/explanation (content overlap 8%). Reference year(s) do not match the linked guideline excerpt (2021 vs 2019)."
"paper-mcq:ards-prone-positioning","0","evidence_consistency: The question tests management but the linked guideline excerpt addresses a different type of claim. Numeric recommendation absent from the linked guideline excerpt: 16 hours."
"paper-mcq:ards-prone-positioning","1","evidence_consistency: Low textual support from the linked guideline excerpt for the keyed option/explanation (content overlap 9%)."
"paper-mcq:ards-prone-positioning","2","evidence_consistency: The question tests prognosis but the linked guideline excerpt addresses a different type of claim."
"paper-mcq:ards-prone-positioning","3","evidence_consistency: Low textual support from the linked guideline excerpt for the keyed option/explanation (content overlap 9%)."
"paper-mcq:ards-prone-positioning","4","evidence_consistency: Low textual support from the linked guideline excerpt for the keyed option/explanation (content overlap 10%). Numeric recommendation absent from the linked guideline excerpt: 16 hours."
"paper-mcq:prone-positioning-ards","0","evidence_consistency: Low textual support from the linked guideline excerpt for the keyed option/explanation (content overlap 9%)."
"paper-mcq:prone-positioning-ards","1","evidence_consistency: The question tests diagnosis, management but the linked guideline excerpt addresses a different type of claim. Numeric recommendation absent from the linked guideline excerpt: 36 hours."
"paper-mcq:prone-positioning-ards","2","evidence_consistency: Numeric recommendation absent from the linked guideline excerpt: 16 hours."
"paper-mcq:prone-positioning-ards","3","evidence_consistency: Low textual support from the linked guideline excerpt for the keyed option/explanation (content overlap 10%). The question tests management but the linked guideline excerpt addresses a different type of claim."
"paper-mcq:prone-positioning-ards","4","evidence_consistency: Numeric recommendation absent from the linked guideline excerpt: 18 hours, 4 hours."
"paper-mcq:ards-guidelines","1","evidence_consistency: The question tests management but the linked guideline excerpt addresses a different type of claim. Numeric recommendation absent from the linked guideline excerpt: 16 hours."
"guideline-mcq:prone-positioning-in-severe-ards","0","evidence_consistency: Low textual support from the linked guideline excerpt for the keyed option/explanation (content overlap 11%). The question tests dose, management but the linked guideline excerpt addresses a different type of claim. Reference year(s) do not match the linked guideline excerpt (2017 vs 2019, 2023)."
"guideline-mcq:prone-positioning-in-severe-ards","1","evidence_consistency: Low textual support from the linked guideline excerpt for the keyed option/explanation (content overlap 4%). The question tests dose but the linked guideline excerpt addresses a different type of claim. Reference year(s) do not match the linked guideline excerpt (2017 vs 2019)."
"guideline-mcq:prone-positioning-in-severe-ards","2","evidence_consistency: Low textual support from the linked guideline excerpt for the keyed option/explanation (content overlap 14%). The question tests management, prognosis but the linked guideline excerpt addresses a different type of claim. Reference year(s) do not match the linked guideline excerpt (2017 vs 2019)."
"cold-start-mcq:nutritional-support-in-critical-illness-enteral-vs-parenteral-protein-targets","3","evidence_consistency: Low textual support from the linked guideline excerpt for the keyed option/explanation (content overlap 0%). The question tests prognosis but the linked guideline excerpt addresses a different type of claim."
"paper-mcq:vv-ecmo-ards","1","evidence_consistency: Low textual support from the linked guideline excerpt for the keyed option/explanation (content overlap 3%)."
"paper-mcq:vv-ecmo-ards","3","evidence_consistency: Low textual support from the linked guideline excerpt for the keyed option/explanation (content overlap 10%)."
"guideline-mcq:Prone-positioning-in-severe-ARDS","0","evidence_consistency: Numeric recommendation absent from the linked guideline excerpt: 48 hours."
"guideline-mcq:Prone-positioning-in-severe-ARDS","1","evidence_consistency: Low textual support from the linked guideline excerpt for the keyed option/explanation (content overlap 10%)."
"guideline-mcq:Prone-positioning-in-severe-ARDS","2","evidence_consistency: Numeric recommendation absent from the linked guideline excerpt: 16 hours."
"guideline-mcq:when-do-I-use-prone-positioning-in-ARDS?","2","evidence_consistency: Low textual support from the linked guideline excerpt for the keyed option/explanation (content overlap 14%)."
"guideline-mcq:arterial-blood-gas-interpretation","2","evidence_consistency: Low textual support from the linked guideline excerpt for the keyed option/explanation (content overlap 0%)."
"guideline-mcq:acid-base-disorders-in-the-icu-stewart-approach-and-mixed-disorders","0","evidence_consistency: Low textual support from the linked guideline excerpt for the keyed option/explanation (content overlap 3%). The question tests dose but the linked guideline excerpt addresses a different type of claim. Numeric recommendation absent from the linked guideline excerpt: 38 mEq."
"guideline-mcq:acid-base-disorders-in-the-icu-stewart-approach-and-mixed-disorders","2","evidence_consistency: Low textual support from the linked guideline excerpt for the keyed option/explanation (content overlap 5%). The question tests dose but the linked guideline excerpt addresses a different type of claim. Numeric recommendation absent from the linked guideline excerpt: 10 mEq, 15 mEq, 5.8 mEq."
"guideline-mcq:arterial-blood-gas-interpretation-in-the-icu-systematic-approach","0","evidence_consistency: Low textual support from the linked guideline excerpt for the keyed option/explanation (content overlap 2%). Numeric recommendation absent from the linked guideline excerpt: 15 mEq."
"guideline-mcq:arterial-blood-gas-interpretation-in-the-icu-systematic-approach","1","evidence_consistency: Low textual support from the linked guideline excerpt for the keyed option/explanation (content overlap 0%). Numeric recommendation absent from the linked guideline excerpt: 35 mEq."
"guideline-mcq:arterial-blood-gas-interpretation-in-the-icu-systematic-approach","2","evidence_consistency: Low textual support from the linked guideline excerpt for the keyed option/explanation (content overlap 6%). Reference year(s) do not match the linked guideline excerpt (2007 vs 2018)."
"guideline-mcq:arterial-blood-gas-interpretation-in-the-icu-systematic-approach","3","evidence_consistency: Low textual support from the linked guideline excerpt for the keyed option/explanation (content overlap 0%). Numeric recommendation absent from the linked guideline excerpt: 12 mEq."
"paper-mcq:acid-base-disorders-in-the-icu-stewart-approach-and-mixed-disorders","0","evidence_consistency: Low textual support from the linked guideline excerpt for the keyed option/explanation (content overlap 0%). Numeric recommendation absent from the linked guideline excerpt: 13.4 mEq, 2.08 mEq."
"paper-mcq:acid-base-disorders-in-the-icu-stewart-approach-and-mixed-disorders","1","evidence_consistency: Low textual support from the linked guideline excerpt for the keyed option/explanation (content overlap 0%)."
"paper-mcq:acid-base-disorders-in-the-icu-stewart-approach-and-mixed-disorders","2","evidence_consistency: Low textual support from the linked guideline excerpt for the keyed option/explanation (content overlap 9%)."
"paper-mcq:acid-base-disorders-in-the-icu-stewart-approach-and-mixed-disorders","3","evidence_consistency: Low textual support from the linked guideline excerpt for the keyed option/explanation (content overlap 3%). The question tests diagnosis but the linked guideline excerpt addresses a different type of claim."
"cold-start-mcq:arterial-leg-ulcer","0","evidence_consistency: Low textual support from the linked guideline excerpt for the keyed option/explanation (content overlap 7%)."
"cold-start-mcq:arterial-leg-ulcer","1","evidence_consistency: Low textual support from the linked guideline excerpt for the keyed option/explanation (content overlap 9%). The question tests diagnosis but the linked guideline excerpt addresses a different type of claim."
"cold-start-mcq:arterial-leg-ulcer","2","evidence_consistency: Low textual support from the linked guideline excerpt for the keyed option/explanation (content overlap 3%). The question tests diagnosis, management but the linked guideline excerpt addresses a different type of claim."
"cold-start-mcq:arterial-leg-ulcer","3","evidence_consistency: Low textual support from the linked guideline excerpt for the keyed option/explanation (content overlap 4%). The question tests diagnosis, prognosis but the linked guideline excerpt addresses a different type of claim."
"cold-start-mcq:arterial-leg-ulcer","4","evidence_consistency: Low textual support from the linked guideline excerpt for the keyed option/explanation (content overlap 6%)."
"cold-start-mcq:neuropathic-leg-ulcer","0","evidence_consistency: Low textual support from the linked guideline excerpt for the keyed option/explanation (content overlap 13%)."
"cold-start-mcq:neuropathic-leg-ulcer","1","evidence_consistency: Low textual support from the linked guideline excerpt for the keyed option/explanation (content overlap 2%). The question tests diagnosis but the linked guideline excerpt addresses a different type of claim."
"cold-start-mcq:neuropathic-leg-ulcer","3","evidence_consistency: Low textual support from the linked guideline excerpt for the keyed option/explanation (content overlap 8%). The question tests management, prognosis but the linked guideline excerpt addresses a different type of claim."
"cold-start-mcq:neuropathic-leg-ulcer","4","evidence_consistency: Low textual support from the linked guideline excerpt for the keyed option/explanation (content overlap 9%)."
"cold-start-mcq:venous-leg-ulcer","2","evidence_consistency: Low textual support from the linked guideline excerpt for the keyed option/explanation (content overlap 7%). The question tests management but the linked guideline excerpt addresses a different type of claim."
"cold-start-mcq:venous-leg-ulcer","3","evidence_consistency: Low textual support from the linked guideline excerpt for the keyed option/explanation (content overlap 8%). The question tests management but the linked guideline excerpt addresses a different type of claim."
"guideline-mcq:neuropathic-leg-ulcer","1","evidence_consistency: Low textual support from the linked guideline excerpt for the keyed option/explanation (content overlap 6%). The question tests management but the linked guideline excerpt addresses a different type of claim. Reference year(s) do not match the linked guideline excerpt (2023 vs 2021)."
"guideline-mcq:neuropathic-leg-ulcer","2","evidence_consistency: The question tests management but the linked guideline excerpt addresses a different type of claim."
"guideline-mcq:neuropathic-leg-ulcer","3","evidence_consistency: Low textual support from the linked guideline excerpt for the keyed option/explanation (content overlap 12%). The question tests management but the linked guideline excerpt addresses a different type of claim. Reference year(s) do not match the linked guideline excerpt (2023 vs 2007, 2021)."
"cold-start-mcq:peripheral-arterial-disease","2","evidence_consistency: No linked guideline excerpt is provided; the keyed answer cannot be checked against a guideline in this file."
"guideline-mcq:diabetic-peripheral-neuropathy-screening-painful-neuropathy-pharmacotherapy","3","evidence_consistency: Low textual support from the linked guideline excerpt for the keyed option/explanation (content overlap 9%). Reference year(s) do not match the linked guideline excerpt (2016 vs 2021)."
"guideline-mcq:asbestosis","0","evidence_consistency: The question tests screening but the linked guideline excerpt addresses a different type of claim. Numeric recommendation absent from the linked guideline excerpt: 15 years."
"guideline-mcq:asbestosis","1","evidence_consistency: The question tests screening but the linked guideline excerpt addresses a different type of claim. Numeric recommendation absent from the linked guideline excerpt: 8 months."
"guideline-mcq:asbestosis","2","evidence_consistency: Numeric recommendation absent from the linked guideline excerpt: 10 years."
"guideline-mcq:asbestosis","3","evidence_consistency: Low textual support from the linked guideline excerpt for the keyed option/explanation (content overlap 13%). The question tests screening but the linked guideline excerpt addresses a different type of claim. Numeric recommendation absent from the linked guideline excerpt: 1 year, 5 years, 9 months."
"guideline-mcq:Aspiration-pneumonia-prevention-and-antibiotics","2","evidence_consistency: Low textual support from the linked guideline excerpt for the keyed option/explanation (content overlap 13%)."
"paper-mcq:aspirin-cardiovascular-events-bleeding-healthy-elderly-primary-prevention","0","evidence_consistency: The question tests prognosis but the linked guideline excerpt addresses a different type of claim."
"paper-mcq:aspirin-cardiovascular-events-bleeding-healthy-elderly-primary-prevention","1","evidence_consistency: Low textual support from the linked guideline excerpt for the keyed option/explanation (content overlap 13%). The question tests dose, management, prognosis but the linked guideline excerpt addresses a different type of claim."
"paper-mcq:aspirin-cardiovascular-events-bleeding-healthy-elderly-primary-prevention","2","evidence_consistency: The question tests prognosis but the linked guideline excerpt addresses a different type of claim."
"paper-mcq:aspirin-cardiovascular-events-bleeding-healthy-elderly-primary-prevention","3","evidence_consistency: The explanation admits inference, extrapolation, or incomplete source support. Low textual support from the linked guideline excerpt for the keyed option/explanation (content overlap 12%). The question tests dose, prognosis but the linked guideline excerpt addresses a different type of claim."
"paper-mcq:aspirin-cardiovascular-events-bleeding-healthy-elderly-primary-prevention","4","evidence_consistency: Low textual support from the linked guideline excerpt for the keyed option/explanation (content overlap 10%). The question tests diagnosis, dose, management, prognosis but the linked guideline excerpt addresses a different type of claim."
"guideline-mcq:aspirin-for-primary-cardiovascular-prevention","0","evidence_consistency: The question tests dose, management but the linked guideline excerpt addresses a different type of claim."
"guideline-mcq:Aspirin-for-primary-cardiovascular-prevention","1","evidence_consistency: Low textual support from the linked guideline excerpt for the keyed option/explanation (content overlap 5%). The question tests prognosis but the linked guideline excerpt addresses a different type of claim."
"cold-start-mcq:aspirin-for-primary-prevention-of-cardiovascular-disease","0","evidence_consistency: The question tests dose, management but the linked guideline excerpt addresses a different type of claim."
"guideline-mcq:biologic-therapies-in-severe-eosinophilic-asthma","3","evidence_consistency: Low textual support from the linked guideline excerpt for the keyed option/explanation (content overlap 4%)."
"paper-mcq:asthma-biologics","1","evidence_consistency: Low textual support from the linked guideline excerpt for the keyed option/explanation (content overlap 12%)."
"paper-mcq:asthma-biologics","3","evidence_consistency: Numeric recommendation absent from the linked guideline excerpt: 17 years."
"cold-start-mcq:copd-exacerbation","4","evidence_consistency: Low textual support from the linked guideline excerpt for the keyed option/explanation (content overlap 6%)."
"guideline-mcq:asthma-stepwise-therapy","1","evidence_consistency: Low textual support from the linked guideline excerpt for the keyed option/explanation (content overlap 12%). Numeric recommendation absent from the linked guideline excerpt: 18 years. Reference year(s) do not match the linked guideline excerpt (2023 vs 2020, 2021)."
"cold-start-mcq:biological-therapy-for-asthma","2","evidence_consistency: Low textual support from the linked guideline excerpt for the keyed option/explanation (content overlap 0%)."
"cold-start-mcq:biological-therapy-for-asthma","3","evidence_consistency: Low textual support from the linked guideline excerpt for the keyed option/explanation (content overlap 3%)."
"cold-start-mcq:biological-therapy-for-asthma","4","evidence_consistency: Low textual support from the linked guideline excerpt for the keyed option/explanation (content overlap 2%). The question tests management, prognosis but the linked guideline excerpt addresses a different type of claim."
"paper-mcq:chronic-asthma","0","evidence_consistency: Low textual support from the linked guideline excerpt for the keyed option/explanation (content overlap 16%)."
"paper-mcq:chronic-asthma","2","evidence_consistency: Low textual support from the linked guideline excerpt for the keyed option/explanation (content overlap 3%). The question tests prognosis but the linked guideline excerpt addresses a different type of claim."
"paper-mcq:asthma-severity-classification-and-step-care","1","evidence_consistency: Low textual support from the linked guideline excerpt for the keyed option/explanation (content overlap 6%). The question tests prognosis but the linked guideline excerpt addresses a different type of claim."
"paper-mcq:asthma-severity-classification-and-step-care","2","evidence_consistency: Low textual support from the linked guideline excerpt for the keyed option/explanation (content overlap 6%)."
"paper-mcq:asthma-severity-classification-and-step-care","3","evidence_consistency: Low textual support from the linked guideline excerpt for the keyed option/explanation (content overlap 6%). The question tests management but the linked guideline excerpt addresses a different type of claim."
"paper-mcq:asthma-severity-classification-and-step-care","4","evidence_consistency: Low textual support from the linked guideline excerpt for the keyed option/explanation (content overlap 5%)."
"cold-start-mcq:asthma-treatment-in-pregnancy","0","evidence_consistency: The question tests management, prognosis but the linked guideline excerpt addresses a different type of claim."
"cold-start-mcq:asthma-reliever-controller-strategy","0","evidence_consistency: Low textual support from the linked guideline excerpt for the keyed option/explanation (content overlap 12%)."
"cold-start-mcq:asthma-reliever-controller-strategy","1","evidence_consistency: Low textual support from the linked guideline excerpt for the keyed option/explanation (content overlap 12%)."
"cold-start-mcq:asthma-reliever-controller-strategy","2","evidence_consistency: Low textual support from the linked guideline excerpt for the keyed option/explanation (content overlap 12%)."
"cold-start-mcq:asthma-reliever-controller-strategy","3","evidence_consistency: Low textual support from the linked guideline excerpt for the keyed option/explanation (content overlap 11%)."
"cold-start-mcq:asthma-reliever-controller-strategy","4","evidence_consistency: Low textual support from the linked guideline excerpt for the keyed option/explanation (content overlap 14%)."
"guideline-mcq:Asthma-reliever-controller-strategy","0","evidence_consistency: Numeric recommendation absent from the linked guideline excerpt: 2 days."
"guideline-mcq:Asthma-reliever-controller-strategy","2","evidence_consistency: Low textual support from the linked guideline excerpt for the keyed option/explanation (content overlap 14%)."
"cold-start-mcq:inhaled-corticosteroid-long-acting-beta-agonist-asthma-smart-strategy","1","evidence_consistency: Low textual support from the linked guideline excerpt for the keyed option/explanation (content overlap 16%)."
"cold-start-mcq:inhaled-corticosteroid-long-acting-beta-agonist-asthma-smart-strategy","3","evidence_consistency: Low textual support from the linked guideline excerpt for the keyed option/explanation (content overlap 11%). The question tests management but the linked guideline excerpt addresses a different type of claim."
"cold-start-mcq:inhaled-corticosteroid-long-acting-beta-agonist-asthma-smart-strategy","4","evidence_consistency: Low textual support from the linked guideline excerpt for the keyed option/explanation (content overlap 15%)."
"guideline-mcq:Atherosclerotic-renal-artery-stenosis-revascularization","1","evidence_consistency: Low textual support from the linked guideline excerpt for the keyed option/explanation (content overlap 14%). Numeric recommendation absent from the linked guideline excerpt: 4 mm."
"guideline-mcq:Atherosclerotic-renal-artery-stenosis-revascularization","2","evidence_consistency: Low textual support from the linked guideline excerpt for the keyed option/explanation (content overlap 9%)."
"paper-mcq:atopic-dermatitis-diagnosis-stepwise-treatment-and-biologics","0","evidence_consistency: Low textual support from the linked guideline excerpt for the keyed option/explanation (content overlap 9%)."
"paper-mcq:atopic-dermatitis-diagnosis-stepwise-treatment-and-biologics","1","evidence_consistency: The question tests management but the linked guideline excerpt addresses a different type of claim."
"paper-mcq:atopic-dermatitis-diagnosis-stepwise-treatment-and-biologics","3","evidence_consistency: Low textual support from the linked guideline excerpt for the keyed option/explanation (content overlap 5%). The question tests prognosis but the linked guideline excerpt addresses a different type of claim."
"paper-mcq:biologic-induced-psoriasis-and-paradoxical-reactions","1","evidence_consistency: Low textual support from the linked guideline excerpt for the keyed option/explanation (content overlap 7%). The question tests prognosis but the linked guideline excerpt addresses a different type of claim."
"paper-mcq:cellulitis-erysipelas-and-mimics","0","evidence_consistency: Low textual support from the linked guideline excerpt for the keyed option/explanation (content overlap 14%). The question tests management but the linked guideline excerpt addresses a different type of claim."
"paper-mcq:cellulitis-erysipelas-and-mimics","3","evidence_consistency: Low textual support from the linked guideline excerpt for the keyed option/explanation (content overlap 6%)."
"curated-mcq:atrial fibrillation anticoagulation","13","evidence_consistency: The question tests diagnosis but the linked guideline excerpt addresses a different type of claim."
"curated-mcq:atrial fibrillation anticoagulation","18","evidence_consistency: The question tests diagnosis but the linked guideline excerpt addresses a different type of claim."
"cold-start-mcq:anticoagulation-management","1","evidence_consistency: Low textual support from the linked guideline excerpt for the keyed option/explanation (content overlap 4%). The question tests management but the linked guideline excerpt addresses a different type of claim."
"cold-start-mcq:cardiac-arrhythmias","0","evidence_consistency: Low textual support from the linked guideline excerpt for the keyed option/explanation (content overlap 12%)."
"cold-start-mcq:management-of-atrial-fibrillation-with-rapid-ventricular-response-in-the-ed","3","evidence_consistency: Low textual support from the linked guideline excerpt for the keyed option/explanation (content overlap 14%)."
"cold-start-mcq:management-of-atrial-fibrillation-with-rapid-ventricular-response-in-the-ed","4","evidence_consistency: Low textual support from the linked guideline excerpt for the keyed option/explanation (content overlap 13%)."
"guideline-mcq:atrial-fibrillation","0","evidence_consistency: Low textual support from the linked guideline excerpt for the keyed option/explanation (content overlap 11%)."
"cold-start-mcq:atrial-fibrillation","0","evidence_consistency: Low textual support from the linked guideline excerpt for the keyed option/explanation (content overlap 0%)."
"cold-start-mcq:atrial-fibrillation","1","evidence_consistency: Low textual support from the linked guideline excerpt for the keyed option/explanation (content overlap 5%)."
"cold-start-mcq:atrial-fibrillation","2","evidence_consistency: Low textual support from the linked guideline excerpt for the keyed option/explanation (content overlap 14%)."
"cold-start-mcq:atrial-fibrillation","3","evidence_consistency: Low textual support from the linked guideline excerpt for the keyed option/explanation (content overlap 10%). The question tests management, prognosis but the linked guideline excerpt addresses a different type of claim."
"cold-start-mcq:atrial-fibrillation-rate-vs-rhythm-control-strategy-and-ablation-indications","0","evidence_consistency: Low textual support from the linked guideline excerpt for the keyed option/explanation (content overlap 12%)."
"guideline-mcq:atrial-fibrillation-anticoagulation","2","evidence_consistency: The question tests diagnosis, screening but the linked guideline excerpt addresses a different type of claim. Reference year(s) do not match the linked guideline excerpt (2021 vs 2006, 2014)."
"guideline-mcq:atrial-fibrillation-anticoagulation","3","evidence_consistency: The question tests diagnosis, management but the linked guideline excerpt addresses a different type of claim."
"guideline-mcq:adult-congenital-heart-disease-eisenmenger-syndrome-residual-lesions-transition-care","3","evidence_consistency: The question tests management but the linked guideline excerpt addresses a different type of claim."
"guideline-mcq:symptomatic-bradycardia-atropine-temporary-pacing-transcutaneous-pacing","1","evidence_consistency: The question tests dose, management but the linked guideline excerpt addresses a different type of claim."
"guideline-mcq:symptomatic-bradycardia-atropine-temporary-pacing-transcutaneous-pacing","2","evidence_consistency: The question tests diagnosis, management but the linked guideline excerpt addresses a different type of claim."
"paper-mcq:anticoagulation-reversal-and-peri-procedural-management","0","evidence_consistency: Low textual support from the linked guideline excerpt for the keyed option/explanation (content overlap 7%)."
"guideline-mcq:atrial-fibrillation-rate-vs-rhythm-control-strategy-and-ablation-indications","0","evidence_consistency: Low textual support from the linked guideline excerpt for the keyed option/explanation (content overlap 7%)."
"guideline-mcq:atrial-fibrillation-rate-vs-rhythm-control-strategy-and-ablation-indications","2","evidence_consistency: Low textual support from the linked guideline excerpt for the keyed option/explanation (content overlap 15%). The question tests dose, management but the linked guideline excerpt addresses a different type of claim."
"cold-start-mcq:anticoagulation-in-atrial-fibrillation-cha2ds2-vasc-scoring-and-doac-selection","2","evidence_consistency: Low textual support from the linked guideline excerpt for the keyed option/explanation (content overlap 3%). The question tests prognosis but the linked guideline excerpt addresses a different type of claim."
"cold-start-mcq:atrial-fibrillation-anticoagulation","0","evidence_consistency: Low textual support from the linked guideline excerpt for the keyed option/explanation (content overlap 7%). The question tests diagnosis but the linked guideline excerpt addresses a different type of claim."
"cold-start-mcq:atrial-fibrillation-anticoagulation","3","evidence_consistency: Low textual support from the linked guideline excerpt for the keyed option/explanation (content overlap 0%). The question tests diagnosis but the linked guideline excerpt addresses a different type of claim."
"cold-start-mcq:atrial-fibrillation-anticoagulation","4","evidence_consistency: Low textual support from the linked guideline excerpt for the keyed option/explanation (content overlap 10%)."
"guideline-mcq:Left-atrial-appendage-occlusion-for-AF-stroke-prevention","2","evidence_consistency: Low textual support from the linked guideline excerpt for the keyed option/explanation (content overlap 0%). Numeric recommendation absent from the linked guideline excerpt: 6 weeks."
"guideline-mcq:Atrial-fibrillation-catheter-ablation-and-early-rhythm-contr","1","evidence_consistency: Low textual support from the linked guideline excerpt for the keyed option/explanation (content overlap 6%)."
"paper-mcq:atrial-fibrillation-diagnosis-and-management-guideline","4","evidence_consistency: Low textual support from the linked guideline excerpt for the keyed option/explanation (content overlap 3%)."
"paper-mcq:atypical-pneumonia-pathogens-mycoplasma-chlamydophila-q-fever-coxiella-diagnosis-and-treatment","0","evidence_consistency: Low textual support from the linked guideline excerpt for the keyed option/explanation (content overlap 5%)."
"paper-mcq:atypical-pneumonia-pathogens-mycoplasma-chlamydophila-q-fever-coxiella-diagnosis-and-treatment","1","evidence_consistency: Low textual support from the linked guideline excerpt for the keyed option/explanation (content overlap 4%)."
"paper-mcq:atypical-pneumonia-pathogens-mycoplasma-chlamydophila-q-fever-coxiella-diagnosis-and-treatment","2","evidence_consistency: Low textual support from the linked guideline excerpt for the keyed option/explanation (content overlap 4%)."
"paper-mcq:atypical-pneumonia-pathogens-mycoplasma-chlamydophila-q-fever-coxiella-diagnosis-and-treatment","4","evidence_consistency: Low textual support from the linked guideline excerpt for the keyed option/explanation (content overlap 4%)."
"paper-mcq:community--and-hospital-acquired-pneumonia","1","evidence_consistency: Low textual support from the linked guideline excerpt for the keyed option/explanation (content overlap 11%). The question tests prognosis but the linked guideline excerpt addresses a different type of claim."
"guideline-mcq:atypical-pneumonia-pathogens-mycoplasma-chlamydophila-q-fever-coxiella-diagnosis-and-treatment","1","evidence_consistency: Low textual support from the linked guideline excerpt for the keyed option/explanation (content overlap 15%)."
"guideline-mcq:penicillin-allergy-delabeling-and-testing","2","evidence_consistency: Low textual support from the linked guideline excerpt for the keyed option/explanation (content overlap 4%). Numeric recommendation absent from the linked guideline excerpt: 500mg, 7 days."
"paper-mcq:autoantibody-panel-interpretation-ana-ena-dsdna-anca-rf-anti-ccp-clinical-utility","0","evidence_consistency: The explanation admits inference, extrapolation, or incomplete source support. Low textual support from the linked guideline excerpt for the keyed option/explanation (content overlap 3%)."
"paper-mcq:autoantibody-panel-interpretation-ana-ena-dsdna-anca-rf-anti-ccp-clinical-utility","1","evidence_consistency: The explanation admits inference, extrapolation, or incomplete source support. Low textual support from the linked guideline excerpt for the keyed option/explanation (content overlap 3%)."
"paper-mcq:autoantibody-panel-interpretation-ana-ena-dsdna-anca-rf-anti-ccp-clinical-utility","2","evidence_consistency: The explanation admits inference, extrapolation, or incomplete source support. Low textual support from the linked guideline excerpt for the keyed option/explanation (content overlap 2%)."
"paper-mcq:autoantibody-panel-interpretation-ana-ena-dsdna-anca-rf-anti-ccp-clinical-utility","3","evidence_consistency: Low textual support from the linked guideline excerpt for the keyed option/explanation (content overlap 0%). The question tests diagnosis, screening but the linked guideline excerpt addresses a different type of claim."
"paper-mcq:autoantibody-panel-interpretation-ana-ena-dsdna-anca-rf-anti-ccp-clinical-utility","4","evidence_consistency: Low textual support from the linked guideline excerpt for the keyed option/explanation (content overlap 0%)."
"guideline-mcq:systemic-lupus-erythematosus","0","evidence_consistency: Low textual support from the linked guideline excerpt for the keyed option/explanation (content overlap 7%)."
"guideline-mcq:autoantibody-panel-interpretation-ana-ena-dsdna-anca-rf-anti-ccp-clinical-utility","3","evidence_consistency: Low textual support from the linked guideline excerpt for the keyed option/explanation (content overlap 9%)."
"cold-start-mcq:systemic-lupus-erythematosus","0","evidence_consistency: Low textual support from the linked guideline excerpt for the keyed option/explanation (content overlap 8%)."
"cold-start-mcq:systemic-lupus-erythematosus","1","evidence_consistency: Low textual support from the linked guideline excerpt for the keyed option/explanation (content overlap 0%)."
"cold-start-mcq:seizures","3","evidence_consistency: Low textual support from the linked guideline excerpt for the keyed option/explanation (content overlap 5%). The question tests management but the linked guideline excerpt addresses a different type of claim."
"guideline-mcq:autoimmune-encephalitis-anti-nmda-receptor-lgi1-caspr2-antibody-profiles","0","evidence_consistency: Low textual support from the linked guideline excerpt for the keyed option/explanation (content overlap 5%). Numeric recommendation absent from the linked guideline excerpt: 24 months."
"guideline-mcq:autoimmune-encephalitis-anti-nmda-receptor-lgi1-caspr2-antibody-profiles","2","evidence_consistency: Low textual support from the linked guideline excerpt for the keyed option/explanation (content overlap 5%). Numeric recommendation absent from the linked guideline excerpt: 24 months."
"cold-start-mcq:hypothyroidism","0","evidence_consistency: Low textual support from the linked guideline excerpt for the keyed option/explanation (content overlap 13%)."
"guideline-mcq:autoimmune-gastritis-and-pernicious-anaemia","0","evidence_consistency: The question tests diagnosis, management, screening but the linked guideline excerpt addresses a different type of claim."
"guideline-mcq:autoimmune-gastritis-and-pernicious-anaemia","3","evidence_consistency: Numeric recommendation absent from the linked guideline excerpt: 3 years."
"guideline-mcq:autoimmune-haemolytic-anaemia","1","evidence_consistency: Reference year(s) do not match the linked guideline excerpt (2021 vs 2017)."
"guideline-mcq:autoimmune-haemolytic-anaemia","2","evidence_consistency: Reference year(s) do not match the linked guideline excerpt (2021 vs 2017)."
"guideline-mcq:autoimmune-haemolytic-anaemia","3","evidence_consistency: Reference year(s) do not match the linked guideline excerpt (2021 vs 2017)."
"guideline-mcq:Autoimmune-haemolytic-anaemia:-steroids-and-rituximab","0","evidence_consistency: Low textual support from the linked guideline excerpt for the keyed option/explanation (content overlap 8%). The question tests diagnosis, management but the linked guideline excerpt addresses a different type of claim. Numeric recommendation absent from the linked guideline excerpt: 1mg."
"guideline-mcq:Autoimmune-haemolytic-anaemia:-steroids-and-rituximab","1","evidence_consistency: Low textual support from the linked guideline excerpt for the keyed option/explanation (content overlap 0%). The question tests dose, management but the linked guideline excerpt addresses a different type of claim."
"guideline-mcq:Autoimmune-haemolytic-anaemia:-steroids-and-rituximab","2","evidence_consistency: Low textual support from the linked guideline excerpt for the keyed option/explanation (content overlap 7%). The question tests dose, management but the linked guideline excerpt addresses a different type of claim. Numeric recommendation absent from the linked guideline excerpt: 10g, 3 weeks."
"guideline-mcq:post-transplant-complications","0","evidence_consistency: Low textual support from the linked guideline excerpt for the keyed option/explanation (content overlap 15%). The question tests diagnosis, dose but the linked guideline excerpt addresses a different type of claim."
"guideline-mcq:post-transplant-complications","2","evidence_consistency: Low textual support from the linked guideline excerpt for the keyed option/explanation (content overlap 12%). The question tests diagnosis but the linked guideline excerpt addresses a different type of claim."
"guideline-mcq:recurrent-disease-in-the-transplant","0","evidence_consistency: Low textual support from the linked guideline excerpt for the keyed option/explanation (content overlap 15%)."
"guideline-mcq:Autoimmune-hepatitis-immunosuppression","0","evidence_consistency: Low textual support from the linked guideline excerpt for the keyed option/explanation (content overlap 12%). The question tests diagnosis, management but the linked guideline excerpt addresses a different type of claim."
"guideline-mcq:Autoimmune-hepatitis-immunosuppression","1","evidence_consistency: Low textual support from the linked guideline excerpt for the keyed option/explanation (content overlap 0%). The question tests dose, management but the linked guideline excerpt addresses a different type of claim."
"guideline-mcq:Autoimmune-hepatitis-immunosuppression","2","evidence_consistency: Low textual support from the linked guideline excerpt for the keyed option/explanation (content overlap 5%). The question tests management but the linked guideline excerpt addresses a different type of claim."
"guideline-mcq:autoimmune-pancreatitis","1","evidence_consistency: The question tests dose, management, screening but the linked guideline excerpt addresses a different type of claim."
"guideline-mcq:autoimmune-pancreatitis","2","evidence_consistency: Low textual support from the linked guideline excerpt for the keyed option/explanation (content overlap 4%)."
"guideline-mcq:autoimmune-polyglandular-syndrome-aps-1-and-aps-2-aire-mutation-clinical-overlap","0","evidence_consistency: The question tests diagnosis but the linked guideline excerpt addresses a different type of claim."
"guideline-mcq:autoimmune-polyglandular-syndrome-aps-1-and-aps-2-aire-mutation-clinical-overlap","1","evidence_consistency: The question tests diagnosis, management but the linked guideline excerpt addresses a different type of claim."
"guideline-mcq:autoimmune-polyglandular-syndrome-aps-1-and-aps-2-aire-mutation-clinical-overlap","2","evidence_consistency: Low textual support from the linked guideline excerpt for the keyed option/explanation (content overlap 11%). The question tests diagnosis but the linked guideline excerpt addresses a different type of claim. Reference year(s) do not match the linked guideline excerpt (2018 vs 2008, 2016)."
"guideline-mcq:autoimmune-polyglandular-syndrome-aps-1-and-aps-2-aire-mutation-clinical-overlap","3","evidence_consistency: Low textual support from the linked guideline excerpt for the keyed option/explanation (content overlap 15%). The question tests diagnosis but the linked guideline excerpt addresses a different type of claim. Reference year(s) do not match the linked guideline excerpt (2018 vs 2008, 2016)."
"cold-start-mcq:adrenal-insufficiency","3","evidence_consistency: Low textual support from the linked guideline excerpt for the keyed option/explanation (content overlap 5%)."
"paper-mcq:autoimmune-polyglandular-syndrome-aps-1-and-aps-2-aire-mutation-clinical-overlap","1","evidence_consistency: Low textual support from the linked guideline excerpt for the keyed option/explanation (content overlap 15%). The question tests diagnosis but the linked guideline excerpt addresses a different type of claim."
"paper-mcq:autoimmune-polyglandular-syndrome-aps-1-and-aps-2-aire-mutation-clinical-overlap","2","evidence_consistency: Low textual support from the linked guideline excerpt for the keyed option/explanation (content overlap 10%). The question tests diagnosis, management but the linked guideline excerpt addresses a different type of claim."
"paper-mcq:autoimmune-polyglandular-syndrome-aps-1-and-aps-2-aire-mutation-clinical-overlap","3","evidence_consistency: Low textual support from the linked guideline excerpt for the keyed option/explanation (content overlap 9%). The question tests diagnosis, management, screening but the linked guideline excerpt addresses a different type of claim."
"paper-mcq:autoimmune-polyglandular-syndrome-aps-1-and-aps-2-aire-mutation-clinical-overlap","4","evidence_consistency: Low textual support from the linked guideline excerpt for the keyed option/explanation (content overlap 12%). The question tests diagnosis, management but the linked guideline excerpt addresses a different type of claim."
"guideline-mcq:autonomic-dysfunction-in-cardiovascular-disease-pots-oh-vagal-syncope","3","evidence_consistency: Low textual support from the linked guideline excerpt for the keyed option/explanation (content overlap 4%)."
"paper-mcq:avascular-necrosis-of-bone","0","evidence_consistency: Low textual support from the linked guideline excerpt for the keyed option/explanation (content overlap 7%)."
"paper-mcq:avascular-necrosis-of-bone","1","evidence_consistency: Low textual support from the linked guideline excerpt for the keyed option/explanation (content overlap 15%)."
"paper-mcq:avascular-necrosis-of-bone","2","evidence_consistency: The explanation admits inference, extrapolation, or incomplete source support. Low textual support from the linked guideline excerpt for the keyed option/explanation (content overlap 10%)."
"paper-mcq:avascular-necrosis-of-bone","3","evidence_consistency: Low textual support from the linked guideline excerpt for the keyed option/explanation (content overlap 7%)."
"guideline-mcq:avascular-necrosis-of-bone","0","evidence_consistency: Low textual support from the linked guideline excerpt for the keyed option/explanation (content overlap 0%). The question tests diagnosis but the linked guideline excerpt addresses a different type of claim."
"guideline-mcq:avascular-necrosis-of-bone","1","evidence_consistency: Low textual support from the linked guideline excerpt for the keyed option/explanation (content overlap 0%)."
"guideline-mcq:avascular-necrosis-of-bone","2","evidence_consistency: Low textual support from the linked guideline excerpt for the keyed option/explanation (content overlap 7%)."
"paper-mcq:tnf-and-il-17-inhibitors-in-axspa-secukinumab-ixekizumab-comparative-efficacy","1","evidence_consistency: Low textual support from the linked guideline excerpt for the keyed option/explanation (content overlap 6%)."
"paper-mcq:tnf-and-il-17-inhibitors-in-axspa-secukinumab-ixekizumab-comparative-efficacy","2","evidence_consistency: Low textual support from the linked guideline excerpt for the keyed option/explanation (content overlap 10%)."
"paper-mcq:tnf-and-il-17-inhibitors-in-axspa-secukinumab-ixekizumab-comparative-efficacy","3","evidence_consistency: Low textual support from the linked guideline excerpt for the keyed option/explanation (content overlap 15%)."
"guideline-mcq:axial-spondyloarthritis-biologic-therapy","0","evidence_consistency: Low textual support from the linked guideline excerpt for the keyed option/explanation (content overlap 4%). Numeric recommendation absent from the linked guideline excerpt: 1 hour. Reference year(s) do not match the linked guideline excerpt (2023 vs 2019, 2020)."
"guideline-mcq:axial-spondyloarthritis-biologic-therapy","1","evidence_consistency: Low textual support from the linked guideline excerpt for the keyed option/explanation (content overlap 4%). Reference year(s) do not match the linked guideline excerpt (2025 vs 2019, 2020)."
"cold-start-mcq:axial-spondyloarthritis-biologic-therapy","1","evidence_consistency: The explanation admits inference, extrapolation, or incomplete source support. Low textual support from the linked guideline excerpt for the keyed option/explanation (content overlap 4%)."
"guideline-mcq:azathioprine-in-rheumatic-disease-tpmt-testing-dosing-bone-marrow-suppression","0","evidence_consistency: Low textual support from the linked guideline excerpt for the keyed option/explanation (content overlap 7%). The question tests diagnosis, management, prognosis but the linked guideline excerpt addresses a different type of claim."
"guideline-mcq:azathioprine-in-rheumatic-disease-tpmt-testing-dosing-bone-marrow-suppression","1","evidence_consistency: The question tests dose, management but the linked guideline excerpt addresses a different type of claim. Numeric recommendation absent from the linked guideline excerpt: 1 mg."
"guideline-mcq:azathioprine-in-rheumatic-disease-tpmt-testing-dosing-bone-marrow-suppression","2","evidence_consistency: Low textual support from the linked guideline excerpt for the keyed option/explanation (content overlap 4%). The question tests management but the linked guideline excerpt addresses a different type of claim."
"guideline-mcq:azathioprine-in-rheumatic-disease-tpmt-testing-dosing-bone-marrow-suppression","3","evidence_consistency: The question tests dose but the linked guideline excerpt addresses a different type of claim."
"paper-mcq:azathioprine-in-rheumatic-disease-tpmt-testing-dosing-bone-marrow-suppression","0","evidence_consistency: The question tests diagnosis, management, prognosis but the linked guideline excerpt addresses a different type of claim."
"paper-mcq:azathioprine-in-rheumatic-disease-tpmt-testing-dosing-bone-marrow-suppression","1","evidence_consistency: Low textual support from the linked guideline excerpt for the keyed option/explanation (content overlap 5%). The question tests diagnosis, management but the linked guideline excerpt addresses a different type of claim."
"paper-mcq:azathioprine-in-rheumatic-disease-tpmt-testing-dosing-bone-marrow-suppression","2","evidence_consistency: Low textual support from the linked guideline excerpt for the keyed option/explanation (content overlap 13%)."
"paper-mcq:azathioprine-in-rheumatic-disease-tpmt-testing-dosing-bone-marrow-suppression","3","evidence_consistency: Low textual support from the linked guideline excerpt for the keyed option/explanation (content overlap 4%). The question tests dose but the linked guideline excerpt addresses a different type of claim."
"paper-mcq:azathioprine-in-rheumatic-disease-tpmt-testing-dosing-bone-marrow-suppression","4","evidence_consistency: Low textual support from the linked guideline excerpt for the keyed option/explanation (content overlap 10%)."
"paper-mcq:bariatric-surgery-complications","0","evidence_consistency: Low textual support from the linked guideline excerpt for the keyed option/explanation (content overlap 7%). Numeric recommendation absent from the linked guideline excerpt: 50 mg."
"paper-mcq:bariatric-surgery-complications","1","evidence_consistency: Low textual support from the linked guideline excerpt for the keyed option/explanation (content overlap 0%)."
"paper-mcq:bariatric-surgery-complications","2","evidence_consistency: Low textual support from the linked guideline excerpt for the keyed option/explanation (content overlap 12%). The question tests prognosis but the linked guideline excerpt addresses a different type of claim."
"paper-mcq:bariatric-surgery-sleeve-gastrectomy-vs-rygb-nutritional-deficiencies-dumping-syndrome","0","evidence_consistency: Low textual support from the linked guideline excerpt for the keyed option/explanation (content overlap 12%)."
"paper-mcq:bariatric-surgery-sleeve-gastrectomy-vs-rygb-nutritional-deficiencies-dumping-syndrome","1","evidence_consistency: Low textual support from the linked guideline excerpt for the keyed option/explanation (content overlap 8%)."
"paper-mcq:bariatric-surgery-sleeve-gastrectomy-vs-rygb-nutritional-deficiencies-dumping-syndrome","2","evidence_consistency: Low textual support from the linked guideline excerpt for the keyed option/explanation (content overlap 9%). The question tests prognosis but the linked guideline excerpt addresses a different type of claim."
"paper-mcq:bariatric-surgery-sleeve-gastrectomy-vs-rygb-nutritional-deficiencies-dumping-syndrome","3","evidence_consistency: Low textual support from the linked guideline excerpt for the keyed option/explanation (content overlap 13%). Numeric recommendation absent from the linked guideline excerpt: 30 kg, 33 kg, 34.9 kg."
"paper-mcq:bariatric-surgery-sleeve-gastrectomy-vs-rygb-nutritional-deficiencies-dumping-syndrome","4","evidence_consistency: Low textual support from the linked guideline excerpt for the keyed option/explanation (content overlap 7%)."
"guideline-mcq:bariatric-surgery-sleeve-gastrectomy-vs-rygb-nutritional-deficiencies-dumping-syndrome","0","evidence_consistency: Low textual support from the linked guideline excerpt for the keyed option/explanation (content overlap 15%). Reference year(s) do not match the linked guideline excerpt (2021 vs 2020, 2022)."
"guideline-mcq:bariatric-surgery-sleeve-gastrectomy-vs-rygb-nutritional-deficiencies-dumping-syndrome","1","evidence_consistency: Low textual support from the linked guideline excerpt for the keyed option/explanation (content overlap 11%). Reference year(s) do not match the linked guideline excerpt (2020 vs 2022, 2024)."
"guideline-mcq:bariatric-surgery-sleeve-gastrectomy-vs-rygb-nutritional-deficiencies-dumping-syndrome","2","evidence_consistency: Low textual support from the linked guideline excerpt for the keyed option/explanation (content overlap 8%)."
"guideline-mcq:bariatric-surgery-sleeve-gastrectomy-vs-rygb-nutritional-deficiencies-dumping-syndrome","3","evidence_consistency: Low textual support from the linked guideline excerpt for the keyed option/explanation (content overlap 11%). The question tests prognosis but the linked guideline excerpt addresses a different type of claim. Reference year(s) do not match the linked guideline excerpt (2020 vs 2022, 2026)."
"cold-start-mcq:bariatric-surgery","0","evidence_consistency: Low textual support from the linked guideline excerpt for the keyed option/explanation (content overlap 13%)."
"cold-start-mcq:bariatric-surgery","3","evidence_consistency: The question tests prognosis but the linked guideline excerpt addresses a different type of claim."
"paper-mcq:bariatric-surgery-versus-medical-therapy-type-2-diabetes-stampede","0","evidence_consistency: Low textual support from the linked guideline excerpt for the keyed option/explanation (content overlap 12%)."
"paper-mcq:bariatric-surgery-versus-medical-therapy-type-2-diabetes-stampede","2","evidence_consistency: Low textual support from the linked guideline excerpt for the keyed option/explanation (content overlap 11%)."
"paper-mcq:bariatric-surgery-versus-medical-therapy-type-2-diabetes-stampede","3","evidence_consistency: Numeric recommendation absent from the linked guideline excerpt: 5 years."
"paper-mcq:bariatric-surgery-versus-medical-therapy-type-2-diabetes-stampede","4","evidence_consistency: Low textual support from the linked guideline excerpt for the keyed option/explanation (content overlap 16%)."
"paper-mcq:type-2-diabetes-mellitus-insulin-resistance-beta-cell-failure-treatment-targets","2","evidence_consistency: Low textual support from the linked guideline excerpt for the keyed option/explanation (content overlap 14%)."
"cold-start-mcq:bariatric-surgery-in-type-2-diabetes","0","evidence_consistency: Low textual support from the linked guideline excerpt for the keyed option/explanation (content overlap 11%)."
"cold-start-mcq:bariatric-surgery-in-type-2-diabetes","3","evidence_consistency: Low textual support from the linked guideline excerpt for the keyed option/explanation (content overlap 16%). Numeric recommendation absent from the linked guideline excerpt: 5 years."
"cold-start-mcq:bariatric-surgery-in-type-2-diabetes","4","evidence_consistency: Numeric recommendation absent from the linked guideline excerpt: 5 years."
"guideline-mcq:Bariatric-surgery-in-type-2-diabetes","0","evidence_consistency: Numeric recommendation absent from the linked guideline excerpt: 30 kg, 35 kg."
"guideline-mcq:Bariatric-surgery-in-type-2-diabetes","2","evidence_consistency: Numeric recommendation absent from the linked guideline excerpt: 12 months."
"guideline-mcq:bariatric-surgery-in-type-2-diabetes","0","evidence_consistency: Numeric recommendation absent from the linked guideline excerpt: 28 kg. Reference year(s) do not match the linked guideline excerpt (2013 vs 2015, 2020)."
"guideline-mcq:Barrett-esophagus-dysplasia-endoscopic-eradication","1","evidence_consistency: Low textual support from the linked guideline excerpt for the keyed option/explanation (content overlap 11%). Numeric recommendation absent from the linked guideline excerpt: 6 months."
"guideline-mcq:Barrett-esophagus-dysplasia-endoscopic-eradication","2","evidence_consistency: Low textual support from the linked guideline excerpt for the keyed option/explanation (content overlap 13%). The question tests screening but the linked guideline excerpt addresses a different type of claim. Numeric recommendation absent from the linked guideline excerpt: 2 years, 3 months, 3 years."
"guideline-mcq:gastroesophageal-reflux-disease","0","evidence_consistency: Numeric recommendation absent from the linked guideline excerpt: 15 years."
"guideline-mcq:barretts-oesophagus-surveillance-and-management","0","evidence_consistency: The question tests diagnosis but the linked guideline excerpt addresses a different type of claim. Reference year(s) do not match the linked guideline excerpt (2015 vs 2016, 2022)."
"guideline-mcq:barretts-oesophagus-surveillance-and-management","1","evidence_consistency: Low textual support from the linked guideline excerpt for the keyed option/explanation (content overlap 3%). Numeric recommendation absent from the linked guideline excerpt: 20mg."
"guideline-mcq:barretts-oesophagus-surveillance-and-management","2","evidence_consistency: Low textual support from the linked guideline excerpt for the keyed option/explanation (content overlap 10%). The question tests dose but the linked guideline excerpt addresses a different type of claim. Reference year(s) do not match the linked guideline excerpt (2011 vs 2022)."
"guideline-mcq:barretts-oesophagus-surveillance-and-management","3","evidence_consistency: The question tests diagnosis, management but the linked guideline excerpt addresses a different type of claim. Reference year(s) do not match the linked guideline excerpt (2015 vs 2016, 2022)."
"guideline-mcq:bartter-and-gitelman-syndromes","0","evidence_consistency: The question tests diagnosis but the linked guideline excerpt addresses a different type of claim. Reference year(s) do not match the linked guideline excerpt (2023 vs 2022)."
"guideline-mcq:bartter-and-gitelman-syndromes","1","evidence_consistency: Reference year(s) do not match the linked guideline excerpt (2023 vs 2022)."
"guideline-mcq:bartter-and-gitelman-syndromes","2","evidence_consistency: Low textual support from the linked guideline excerpt for the keyed option/explanation (content overlap 13%). Numeric recommendation absent from the linked guideline excerpt: 3.5 mEq. Reference year(s) do not match the linked guideline excerpt (2023 vs 2022)."
"guideline-mcq:bartter-and-gitelman-syndromes","3","evidence_consistency: The question tests diagnosis but the linked guideline excerpt addresses a different type of claim. Reference year(s) do not match the linked guideline excerpt (2023 vs 2022)."
"cold-start-mcq:basal-cell-carcinoma","0","evidence_consistency: Low textual support from the linked guideline excerpt for the keyed option/explanation (content overlap 4%)."
"cold-start-mcq:basal-cell-carcinoma","1","evidence_consistency: Low textual support from the linked guideline excerpt for the keyed option/explanation (content overlap 8%). The question tests management, prognosis but the linked guideline excerpt addresses a different type of claim."
"cold-start-mcq:basal-cell-carcinoma","2","evidence_consistency: Low textual support from the linked guideline excerpt for the keyed option/explanation (content overlap 9%)."
"paper-mcq:suspected-melanoma-non-melanoma-skin-cancer-and-urgent-referral","2","evidence_consistency: Low textual support from the linked guideline excerpt for the keyed option/explanation (content overlap 6%). The question tests management, prognosis but the linked guideline excerpt addresses a different type of claim. Numeric recommendation absent from the linked guideline excerpt: 5 mm."
"guideline-mcq:Behcet-syndrome-mucocutaneous-and-organ-disease","1","evidence_consistency: Low textual support from the linked guideline excerpt for the keyed option/explanation (content overlap 7%)."
"guideline-mcq:Behcet-syndrome-mucocutaneous-and-organ-disease","2","evidence_consistency: Low textual support from the linked guideline excerpt for the keyed option/explanation (content overlap 7%)."
"paper-mcq:beh-et-s-disease","0","evidence_consistency: Low textual support from the linked guideline excerpt for the keyed option/explanation (content overlap 3%)."
"paper-mcq:beh-et-s-disease","1","evidence_consistency: Low textual support from the linked guideline excerpt for the keyed option/explanation (content overlap 0%)."
"paper-mcq:beh-et-s-disease","2","evidence_consistency: Low textual support from the linked guideline excerpt for the keyed option/explanation (content overlap 0%). The question tests diagnosis but the linked guideline excerpt addresses a different type of claim. Numeric recommendation absent from the linked guideline excerpt: 12 months."
"paper-mcq:beh-et-s-disease","3","evidence_consistency: Low textual support from the linked guideline excerpt for the keyed option/explanation (content overlap 6%)."
"paper-mcq:behcet-disease-oral-and-genital-ulcers-uveitis-pathergy-colchicine-immunosuppression","0","evidence_consistency: Low textual support from the linked guideline excerpt for the keyed option/explanation (content overlap 0%)."
"paper-mcq:behcet-disease-oral-and-genital-ulcers-uveitis-pathergy-colchicine-immunosuppression","1","evidence_consistency: Low textual support from the linked guideline excerpt for the keyed option/explanation (content overlap 6%)."
"paper-mcq:behcet-disease-oral-and-genital-ulcers-uveitis-pathergy-colchicine-immunosuppression","2","evidence_consistency: Low textual support from the linked guideline excerpt for the keyed option/explanation (content overlap 6%)."
"paper-mcq:behcet-disease-oral-and-genital-ulcers-uveitis-pathergy-colchicine-immunosuppression","3","evidence_consistency: Low textual support from the linked guideline excerpt for the keyed option/explanation (content overlap 13%)."
"paper-mcq:behcet-disease-oral-and-genital-ulcers-uveitis-pathergy-colchicine-immunosuppression","4","evidence_consistency: Low textual support from the linked guideline excerpt for the keyed option/explanation (content overlap 5%)."
"guideline-mcq:behets-disease","1","evidence_consistency: Low textual support from the linked guideline excerpt for the keyed option/explanation (content overlap 4%). The question tests diagnosis but the linked guideline excerpt addresses a different type of claim."
"guideline-mcq:behets-disease","3","evidence_consistency: Low textual support from the linked guideline excerpt for the keyed option/explanation (content overlap 15%)."
"guideline-mcq:behcet-disease-oral-and-genital-ulcers-uveitis-pathergy-colchicine-immunosuppression","1","evidence_consistency: Low textual support from the linked guideline excerpt for the keyed option/explanation (content overlap 5%)."
"guideline-mcq:behcet-disease-oral-and-genital-ulcers-uveitis-pathergy-colchicine-immunosuppression","3","evidence_consistency: Low textual support from the linked guideline excerpt for the keyed option/explanation (content overlap 6%)."
"guideline-mcq:belimumab-in-lupus-therapy","2","evidence_consistency: The explanation admits inference, extrapolation, or incomplete source support."
"guideline-mcq:belimumab-in-lupus-therapy","3","evidence_consistency: Reference year(s) do not match the linked guideline excerpt (2022 vs 2011, 2026)."
"guideline-mcq:belimumab-and-anifrolumab-in-sle-mechanism-indications-trial-data","0","evidence_consistency: Reference year(s) do not match the linked guideline excerpt (2023 vs 2026)."
"guideline-mcq:belimumab-and-anifrolumab-in-sle-mechanism-indications-trial-data","1","evidence_consistency: Reference year(s) do not match the linked guideline excerpt (2023 vs 2026)."
"guideline-mcq:belimumab-and-anifrolumab-in-sle-mechanism-indications-trial-data","2","evidence_consistency: Reference year(s) do not match the linked guideline excerpt (2023 vs 2022, 2026)."
"guideline-mcq:belimumab-and-anifrolumab-in-sle-mechanism-indications-trial-data","3","evidence_consistency: Reference year(s) do not match the linked guideline excerpt (2023 vs 2026)."
"paper-mcq:sjogren-syndrome","1","evidence_consistency: Low textual support from the linked guideline excerpt for the keyed option/explanation (content overlap 4%)."
"cold-start-mcq:lupus-nephritis-induction-and-maintenance-therapy","2","evidence_consistency: Low textual support from the linked guideline excerpt for the keyed option/explanation (content overlap 2%)."
"guideline-mcq:Systemic-lupus-erythematosus-biologic-therapy","2","evidence_consistency: Low textual support from the linked guideline excerpt for the keyed option/explanation (content overlap 12%)."
"guideline-mcq:bells-palsy-corticosteroid-timing-antiviral-therapy-eye-care","2","evidence_consistency: Numeric recommendation absent from the linked guideline excerpt: 120 hours, 5 days."
"guideline-mcq:bells-palsy-corticosteroid-timing-antiviral-therapy-eye-care","3","evidence_consistency: Low textual support from the linked guideline excerpt for the keyed option/explanation (content overlap 11%)."
"guideline-mcq:idiopathic-facial-nerve-palsy-bells-palsy-corticosteroid-timing-eye-care","0","evidence_consistency: Numeric recommendation absent from the linked guideline excerpt: 48 hours, 60mg, 7 days. Reference year(s) do not match the linked guideline excerpt (2012, 2015 vs 2007, 2013)."
"guideline-mcq:idiopathic-facial-nerve-palsy-bells-palsy-corticosteroid-timing-eye-care","1","evidence_consistency: Low textual support from the linked guideline excerpt for the keyed option/explanation (content overlap 5%). Reference year(s) do not match the linked guideline excerpt (2012 vs 2007, 2013)."
"guideline-mcq:idiopathic-facial-nerve-palsy-bells-palsy-corticosteroid-timing-eye-care","2","evidence_consistency: Low textual support from the linked guideline excerpt for the keyed option/explanation (content overlap 15%). The question tests diagnosis but the linked guideline excerpt addresses a different type of claim. Reference year(s) do not match the linked guideline excerpt (2012, 2015 vs 2007)."
"guideline-mcq:idiopathic-facial-nerve-palsy-bells-palsy-corticosteroid-timing-eye-care","3","evidence_consistency: Reference year(s) do not match the linked guideline excerpt (2012, 2015 vs 2007, 2013)."
"guideline-mcq:bempedoic-acid-cardiovascular-outcomes","0","evidence_consistency: Numeric recommendation absent from the linked guideline excerpt: 3.1 mmol."
"guideline-mcq:bempedoic-acid-cardiovascular-outcomes","2","evidence_consistency: The question tests dose, prognosis but the linked guideline excerpt addresses a different type of claim."
"guideline-mcq:Bempedoic-acid-cardiovascular-outcomes","0","evidence_consistency: Low textual support from the linked guideline excerpt for the keyed option/explanation (content overlap 10%). The question tests prognosis but the linked guideline excerpt addresses a different type of claim."
"guideline-mcq:Bempedoic-acid-cardiovascular-outcomes","1","evidence_consistency: Low textual support from the linked guideline excerpt for the keyed option/explanation (content overlap 8%)."
"guideline-mcq:Bempedoic-acid-cardiovascular-outcomes","2","evidence_consistency: Low textual support from the linked guideline excerpt for the keyed option/explanation (content overlap 13%)."
"guideline-mcq:benign-paroxysmal-positional-vertigo-bppv-dix-hallpike-test-epley-vs-semont-maneuvers","3","evidence_consistency: The question tests diagnosis but the linked guideline excerpt addresses a different type of claim."
"guideline-mcq:benign-paroxysmal-positional-vertigo-bppv-dix-hallpike-epley-manoeuvre","3","evidence_consistency: The question tests diagnosis but the linked guideline excerpt addresses a different type of claim."
"cold-start-mcq:benign-paroxysmal-positional-vertigo-bppv-dix-hallpike-epley-manoeuvre","1","evidence_consistency: Low textual support from the linked guideline excerpt for the keyed option/explanation (content overlap 10%)."
"guideline-mcq:benign-pleural-diseases","0","evidence_consistency: Reference year(s) do not match the linked guideline excerpt (2023 vs 2025)."
"guideline-mcq:benign-pleural-diseases","1","evidence_consistency: Reference year(s) do not match the linked guideline excerpt (2023 vs 2025)."
"guideline-mcq:benign-pleural-diseases","2","evidence_consistency: Reference year(s) do not match the linked guideline excerpt (2023 vs 2025)."
"cold-start-mcq:benign-prostatic-hyperplasia","2","evidence_consistency: Low textual support from the linked guideline excerpt for the keyed option/explanation (content overlap 10%). Numeric recommendation absent from the linked guideline excerpt: 45 mL, 80 mL."
"cold-start-mcq:benign-prostatic-hyperplasia","3","evidence_consistency: Low textual support from the linked guideline excerpt for the keyed option/explanation (content overlap 6%)."
"cold-start-mcq:benign-prostatic-hyperplasia","4","evidence_consistency: Low textual support from the linked guideline excerpt for the keyed option/explanation (content overlap 10%). The question tests management but the linked guideline excerpt addresses a different type of claim."
"cold-start-mcq:lower-urinary-tract-symptoms","2","evidence_consistency: Low textual support from the linked guideline excerpt for the keyed option/explanation (content overlap 13%). The question tests management but the linked guideline excerpt addresses a different type of claim. Numeric recommendation absent from the linked guideline excerpt: 38 mL, 45 mL, 450 mL, 8 mL, 80 mL."
"cold-start-mcq:perioperative-comorbidity-management","3","evidence_consistency: Low textual support from the linked guideline excerpt for the keyed option/explanation (content overlap 7%). The question tests prognosis but the linked guideline excerpt addresses a different type of claim."
"guideline-mcq:Benzodiazepine-deprescribing-in-anxiety-and-insomnia","0","evidence_consistency: The question tests dose, management but the linked guideline excerpt addresses a different type of claim. Numeric recommendation absent from the linked guideline excerpt: 2 weeks."
"guideline-mcq:Benzodiazepine-deprescribing-in-anxiety-and-insomnia","1","evidence_consistency: Low textual support from the linked guideline excerpt for the keyed option/explanation (content overlap 12%). The question tests management but the linked guideline excerpt addresses a different type of claim."
"guideline-mcq:beryllium-disease","0","evidence_consistency: Reference year(s) do not match the linked guideline excerpt (2019 vs 2012)."
"guideline-mcq:beryllium-disease","1","evidence_consistency: Reference year(s) do not match the linked guideline excerpt (2019 vs 2012)."
"guideline-mcq:beryllium-disease","2","evidence_consistency: The explanation admits inference, extrapolation, or incomplete source support. Reference year(s) do not match the linked guideline excerpt (2019 vs 2012)."
"guideline-mcq:beryllium-disease","3","evidence_consistency: Numeric recommendation absent from the linked guideline excerpt: 5 years. Reference year(s) do not match the linked guideline excerpt (2019 vs 2005, 2012)."
"guideline-mcq:beta-blockers-in-heart-failure-carvedilol-bisoprolol-metoprolol-succinate-titration","0","evidence_consistency: Low textual support from the linked guideline excerpt for the keyed option/explanation (content overlap 14%)."
"guideline-mcq:beta-lactam-allergy-penicillin-allergy-delabelling-cross-reactivity-skin-testing-graded-challenge","0","evidence_consistency: Low textual support from the linked guideline excerpt for the keyed option/explanation (content overlap 7%)."
"guideline-mcq:beta-lactam-allergy-penicillin-allergy-delabelling-cross-reactivity-skin-testing-graded-challenge","1","evidence_consistency: Low textual support from the linked guideline excerpt for the keyed option/explanation (content overlap 8%)."
"guideline-mcq:beta-lactam-allergy-penicillin-allergy-delabelling-cross-reactivity-skin-testing-graded-challenge","3","evidence_consistency: Low textual support from the linked guideline excerpt for the keyed option/explanation (content overlap 3%). The question tests diagnosis but the linked guideline excerpt addresses a different type of claim."
"paper-mcq:hypersensitivity-pneumonitis-variants-by-antigen","3","evidence_consistency: Low textual support from the linked guideline excerpt for the keyed option/explanation (content overlap 11%)."
"guideline-mcq:antibiotic-stewardship-in-critical-care-de-escalation-and-duration","1","evidence_consistency: Low textual support from the linked guideline excerpt for the keyed option/explanation (content overlap 14%). Reference year(s) do not match the linked guideline excerpt (2017, 2021 vs 2024)."
"paper-mcq:beta-lactam-allergy-penicillin-allergy-delabelling-cross-reactivity-skin-testing-graded-challenge","1","evidence_consistency: Low textual support from the linked guideline excerpt for the keyed option/explanation (content overlap 14%)."
"paper-mcq:beta-lactam-allergy-penicillin-allergy-delabelling-cross-reactivity-skin-testing-graded-challenge","2","evidence_consistency: Low textual support from the linked guideline excerpt for the keyed option/explanation (content overlap 3%). The question tests diagnosis, prognosis but the linked guideline excerpt addresses a different type of claim."
"paper-mcq:beta-lactam-allergy-penicillin-allergy-delabelling-cross-reactivity-skin-testing-graded-challenge","3","evidence_consistency: Low textual support from the linked guideline excerpt for the keyed option/explanation (content overlap 14%)."
"paper-mcq:beta-lactam-allergy-penicillin-allergy-delabelling-cross-reactivity-skin-testing-graded-challenge","4","evidence_consistency: Low textual support from the linked guideline excerpt for the keyed option/explanation (content overlap 0%). The question tests management but the linked guideline excerpt addresses a different type of claim."
"guideline-mcq:endoscopic-ultrasound","1","evidence_consistency: Low textual support from the linked guideline excerpt for the keyed option/explanation (content overlap 11%). Reference year(s) do not match the linked guideline excerpt (2022 vs 2025)."
"guideline-mcq:biliary-strictures","0","evidence_consistency: The question tests diagnosis but the linked guideline excerpt addresses a different type of claim."
"guideline-mcq:biliary-strictures","2","evidence_consistency: The question tests diagnosis but the linked guideline excerpt addresses a different type of claim."
"guideline-mcq:biliary-strictures","3","evidence_consistency: The question tests diagnosis but the linked guideline excerpt addresses a different type of claim."
"guideline-mcq:biliary-tract-cancer","1","evidence_consistency: Numeric recommendation absent from the linked guideline excerpt: 6 months."
"guideline-mcq:biofilm-associated-infections-chronic-wounds-prosthetics-catheters-rifampicin-strategies","1","evidence_consistency: Low textual support from the linked guideline excerpt for the keyed option/explanation (content overlap 14%)."
"guideline-mcq:anti-tnf-alpha-therapies","1","evidence_consistency: Low textual support from the linked guideline excerpt for the keyed option/explanation (content overlap 0%)."
"paper-mcq:biologic-induced-psoriasis-and-paradoxical-reactions","2","evidence_consistency: Low textual support from the linked guideline excerpt for the keyed option/explanation (content overlap 7%)."
"paper-mcq:biologics-and-malignancy-risk-lymphoma-solid-tumours-non-melanoma-skin-cancer","0","evidence_consistency: Low textual support from the linked guideline excerpt for the keyed option/explanation (content overlap 4%)."
"paper-mcq:biologics-and-malignancy-risk-lymphoma-solid-tumours-non-melanoma-skin-cancer","1","evidence_consistency: Low textual support from the linked guideline excerpt for the keyed option/explanation (content overlap 15%)."
"paper-mcq:biologics-and-malignancy-risk-lymphoma-solid-tumours-non-melanoma-skin-cancer","2","evidence_consistency: Low textual support from the linked guideline excerpt for the keyed option/explanation (content overlap 6%)."
"paper-mcq:biologics-and-malignancy-risk-lymphoma-solid-tumours-non-melanoma-skin-cancer","3","evidence_consistency: Low textual support from the linked guideline excerpt for the keyed option/explanation (content overlap 11%)."
"paper-mcq:biologics-and-malignancy-risk-lymphoma-solid-tumours-non-melanoma-skin-cancer","4","evidence_consistency: Low textual support from the linked guideline excerpt for the keyed option/explanation (content overlap 7%)."
"guideline-mcq:biologics-and-malignancy-risk-lymphoma-solid-tumours-non-melanoma-skin-cancer","0","evidence_consistency: Low textual support from the linked guideline excerpt for the keyed option/explanation (content overlap 8%)."
"guideline-mcq:biologics-and-malignancy-risk-lymphoma-solid-tumours-non-melanoma-skin-cancer","1","evidence_consistency: Low textual support from the linked guideline excerpt for the keyed option/explanation (content overlap 6%)."
"guideline-mcq:biologics-and-malignancy-risk-lymphoma-solid-tumours-non-melanoma-skin-cancer","2","evidence_consistency: The explanation admits inference, extrapolation, or incomplete source support. Low textual support from the linked guideline excerpt for the keyed option/explanation (content overlap 2%)."
"guideline-mcq:biologics-and-malignancy-risk-lymphoma-solid-tumours-non-melanoma-skin-cancer","3","evidence_consistency: Low textual support from the linked guideline excerpt for the keyed option/explanation (content overlap 7%)."
"cold-start-mcq:biologics-and-malignancy-risk-lymphoma-solid-tumours-non-melanoma-skin-cancer","0","evidence_consistency: Low textual support from the linked guideline excerpt for the keyed option/explanation (content overlap 3%). The question tests management, screening but the linked guideline excerpt addresses a different type of claim."
"cold-start-mcq:biologics-and-malignancy-risk-lymphoma-solid-tumours-non-melanoma-skin-cancer","1","evidence_consistency: Low textual support from the linked guideline excerpt for the keyed option/explanation (content overlap 4%)."
"guideline-mcq:bipolar-depression-pharmacotherapy","0","evidence_consistency: Reference year(s) do not match the linked guideline excerpt (2026 vs 2014)."
"guideline-mcq:bipolar-depression-pharmacotherapy","1","evidence_consistency: Low textual support from the linked guideline excerpt for the keyed option/explanation (content overlap 15%). The question tests diagnosis, dose but the linked guideline excerpt addresses a different type of claim. Reference year(s) do not match the linked guideline excerpt (2025 vs 2014)."
"guideline-mcq:bipolar-depression-pharmacotherapy","3","evidence_consistency: Low textual support from the linked guideline excerpt for the keyed option/explanation (content overlap 5%). Reference year(s) do not match the linked guideline excerpt (2025 vs 2014)."
"guideline-mcq:bipolar-mania-acute-pharmacotherapy","0","evidence_consistency: Low textual support from the linked guideline excerpt for the keyed option/explanation (content overlap 12%). Reference year(s) do not match the linked guideline excerpt (2008 vs 2014)."
"guideline-mcq:bipolar-mania-acute-pharmacotherapy","1","evidence_consistency: Low textual support from the linked guideline excerpt for the keyed option/explanation (content overlap 3%). Reference year(s) do not match the linked guideline excerpt (2008 vs 2014)."
"guideline-mcq:bipolar-mania-acute-pharmacotherapy","2","evidence_consistency: Low textual support from the linked guideline excerpt for the keyed option/explanation (content overlap 12%). Reference year(s) do not match the linked guideline excerpt (2025 vs 2014)."
"guideline-mcq:bipolar-mania-acute-pharmacotherapy","3","evidence_consistency: Low textual support from the linked guideline excerpt for the keyed option/explanation (content overlap 9%). Reference year(s) do not match the linked guideline excerpt (2024 vs 2014)."
"cold-start-mcq:bipolar-mania-acute-pharmacotherapy","0","evidence_consistency: Low textual support from the linked guideline excerpt for the keyed option/explanation (content overlap 8%)."
"cold-start-mcq:bipolar-mania-acute-pharmacotherapy","1","evidence_consistency: Low textual support from the linked guideline excerpt for the keyed option/explanation (content overlap 6%)."
"cold-start-mcq:bipolar-mania-acute-pharmacotherapy","2","evidence_consistency: Low textual support from the linked guideline excerpt for the keyed option/explanation (content overlap 8%)."
"cold-start-mcq:bipolar-mania-acute-pharmacotherapy","3","evidence_consistency: Low textual support from the linked guideline excerpt for the keyed option/explanation (content overlap 10%)."
"cold-start-mcq:bipolar-mania-acute-pharmacotherapy","4","evidence_consistency: Low textual support from the linked guideline excerpt for the keyed option/explanation (content overlap 4%)."
"guideline-mcq:bispecific-antibodies-in-haematological-malignancy","1","evidence_consistency: Low textual support from the linked guideline excerpt for the keyed option/explanation (content overlap 15%)."
"guideline-mcq:bispecific-antibodies-in-haematological-malignancy","2","evidence_consistency: Low textual support from the linked guideline excerpt for the keyed option/explanation (content overlap 13%)."
"paper-mcq:bisphosphonates-in-osteoporosis-alendronate-zoledronate-drug-holidays-atypical-fractures","0","evidence_consistency: Low textual support from the linked guideline excerpt for the keyed option/explanation (content overlap 7%)."
"paper-mcq:bisphosphonates-in-osteoporosis-alendronate-zoledronate-drug-holidays-atypical-fractures","3","evidence_consistency: Low textual support from the linked guideline excerpt for the keyed option/explanation (content overlap 3%). The question tests management but the linked guideline excerpt addresses a different type of claim."
"paper-mcq:bisphosphonates-in-osteoporosis-alendronate-zoledronate-drug-holidays-atypical-fractures","4","evidence_consistency: Low textual support from the linked guideline excerpt for the keyed option/explanation (content overlap 14%). The question tests management but the linked guideline excerpt addresses a different type of claim."
"cold-start-mcq:osteoporosis-fracture-prevention-pharmacotherapy","4","evidence_consistency: Low textual support from the linked guideline excerpt for the keyed option/explanation (content overlap 11%). Numeric recommendation absent from the linked guideline excerpt: 5 years."
"guideline-mcq:bisphosphonates-in-osteoporosis-alendronate-zoledronate-drug-holidays-atypical-fractures","0","evidence_consistency: Numeric recommendation absent from the linked guideline excerpt: 10 years."
"guideline-mcq:bisphosphonates-in-osteoporosis-alendronate-zoledronate-drug-holidays-atypical-fractures","1","evidence_consistency: Numeric recommendation absent from the linked guideline excerpt: 70mg."
"guideline-mcq:bisphosphonates-in-osteoporosis-alendronate-zoledronate-drug-holidays-atypical-fractures","2","evidence_consistency: Low textual support from the linked guideline excerpt for the keyed option/explanation (content overlap 11%)."
"guideline-mcq:bk-virus-nephropathy-post-transplant","0","evidence_consistency: Low textual support from the linked guideline excerpt for the keyed option/explanation (content overlap 6%). The question tests diagnosis, dose, management but the linked guideline excerpt addresses a different type of claim."
"guideline-mcq:bk-virus-nephropathy-post-transplant","1","evidence_consistency: Low textual support from the linked guideline excerpt for the keyed option/explanation (content overlap 0%). The question tests dose, screening but the linked guideline excerpt addresses a different type of claim."
"guideline-mcq:bk-virus-nephropathy-post-transplant","2","evidence_consistency: Low textual support from the linked guideline excerpt for the keyed option/explanation (content overlap 4%). The question tests dose but the linked guideline excerpt addresses a different type of claim."
"guideline-mcq:bk-virus-nephropathy-post-transplant","3","evidence_consistency: Low textual support from the linked guideline excerpt for the keyed option/explanation (content overlap 6%). The question tests diagnosis, dose but the linked guideline excerpt addresses a different type of claim."
"paper-mcq:bk-virus-nephropathy-post-transplant","0","evidence_consistency: Low textual support from the linked guideline excerpt for the keyed option/explanation (content overlap 0%). Numeric recommendation absent from the linked guideline excerpt: 150 weeks, 40 weeks."
"paper-mcq:bk-virus-nephropathy-post-transplant","1","evidence_consistency: Low textual support from the linked guideline excerpt for the keyed option/explanation (content overlap 3%)."
"paper-mcq:bk-virus-nephropathy-post-transplant","2","evidence_consistency: Low textual support from the linked guideline excerpt for the keyed option/explanation (content overlap 0%). The question tests prognosis but the linked guideline excerpt addresses a different type of claim."
"paper-mcq:bk-virus-nephropathy-post-transplant","3","evidence_consistency: Low textual support from the linked guideline excerpt for the keyed option/explanation (content overlap 0%). The question tests management, prognosis but the linked guideline excerpt addresses a different type of claim."
"paper-mcq:post-transplant-complications","0","evidence_consistency: Low textual support from the linked guideline excerpt for the keyed option/explanation (content overlap 3%). Numeric recommendation absent from the linked guideline excerpt: 45 mL."
"paper-mcq:post-transplant-complications","2","evidence_consistency: Low textual support from the linked guideline excerpt for the keyed option/explanation (content overlap 5%)."
"guideline-mcq:BK-polyomavirus-nephropathy-in-kidney-transplant","0","evidence_consistency: Low textual support from the linked guideline excerpt for the keyed option/explanation (content overlap 8%). The question tests diagnosis, management but the linked guideline excerpt addresses a different type of claim."
"guideline-mcq:BK-polyomavirus-nephropathy-in-kidney-transplant","1","evidence_consistency: Low textual support from the linked guideline excerpt for the keyed option/explanation (content overlap 6%). The question tests prognosis but the linked guideline excerpt addresses a different type of claim."
"guideline-mcq:BK-polyomavirus-nephropathy-in-kidney-transplant","2","evidence_consistency: Low textual support from the linked guideline excerpt for the keyed option/explanation (content overlap 5%). The question tests management, prognosis but the linked guideline excerpt addresses a different type of claim. Numeric recommendation absent from the linked guideline excerpt: 6 months."
"curated-mcq:bladder cancer","7","evidence_consistency: The question tests diagnosis but the linked guideline excerpt addresses a different type of claim. Numeric recommendation absent from the linked guideline excerpt: 10 mm."
"paper-mcq:bladder-cancer","0","evidence_consistency: Low textual support from the linked guideline excerpt for the keyed option/explanation (content overlap 14%)."
"guideline-mcq:perioperative-risk-assessment","0","evidence_consistency: The question tests management but the linked guideline excerpt addresses a different type of claim."
"guideline-mcq:advanced-urothelial-carcinoma-treatment","3","evidence_consistency: The question tests diagnosis but the linked guideline excerpt addresses a different type of claim."
"guideline-mcq:bladder-cancer","1","evidence_consistency: The question tests management but the linked guideline excerpt addresses a different type of claim."
"guideline-mcq:thrombotic-microangiopathy-and-the-kidney","3","evidence_consistency: Low textual support from the linked guideline excerpt for the keyed option/explanation (content overlap 0%)."
"guideline-mcq:Advanced-urothelial-carcinoma-treatment","2","evidence_consistency: Low textual support from the linked guideline excerpt for the keyed option/explanation (content overlap 16%)."
"cold-start-mcq:bladder-cancer","1","evidence_consistency: Low textual support from the linked guideline excerpt for the keyed option/explanation (content overlap 13%). The question tests screening but the linked guideline excerpt addresses a different type of claim."
"paper-mcq:blood-culture-technique-timing-volume-number-of-sets-contamination-rates","0","evidence_consistency: Low textual support from the linked guideline excerpt for the keyed option/explanation (content overlap 3%). Numeric recommendation absent from the linked guideline excerpt: 10 mL."
"paper-mcq:blood-culture-technique-timing-volume-number-of-sets-contamination-rates","1","evidence_consistency: Low textual support from the linked guideline excerpt for the keyed option/explanation (content overlap 0%)."
"paper-mcq:blood-culture-technique-timing-volume-number-of-sets-contamination-rates","2","evidence_consistency: Low textual support from the linked guideline excerpt for the keyed option/explanation (content overlap 9%)."
"paper-mcq:blood-culture-technique-timing-volume-number-of-sets-contamination-rates","3","evidence_consistency: Low textual support from the linked guideline excerpt for the keyed option/explanation (content overlap 4%)."
"paper-mcq:blood-culture-technique-timing-volume-number-of-sets-contamination-rates","4","evidence_consistency: Low textual support from the linked guideline excerpt for the keyed option/explanation (content overlap 7%). Numeric recommendation absent from the linked guideline excerpt: 36 hours."
"guideline-mcq:blood-culture-technique-timing-volume-number-of-sets-contamination-rates","0","evidence_consistency: The explanation admits inference, extrapolation, or incomplete source support. Low textual support from the linked guideline excerpt for the keyed option/explanation (content overlap 4%). The question tests management but the linked guideline excerpt addresses a different type of claim."
"guideline-mcq:blood-culture-technique-timing-volume-number-of-sets-contamination-rates","1","evidence_consistency: Low textual support from the linked guideline excerpt for the keyed option/explanation (content overlap 5%)."
"guideline-mcq:blood-culture-technique-timing-volume-number-of-sets-contamination-rates","2","evidence_consistency: Low textual support from the linked guideline excerpt for the keyed option/explanation (content overlap 11%)."
"guideline-mcq:blood-culture-technique-timing-volume-number-of-sets-contamination-rates","3","evidence_consistency: Low textual support from the linked guideline excerpt for the keyed option/explanation (content overlap 5%). Numeric recommendation absent from the linked guideline excerpt: 10 mL."
"cold-start-mcq:blood-culture-technique-timing-volume-number-of-sets-contamination-rates","0","evidence_consistency: Low textual support from the linked guideline excerpt for the keyed option/explanation (content overlap 3%)."
"cold-start-mcq:blood-culture-technique-timing-volume-number-of-sets-contamination-rates","1","evidence_consistency: Low textual support from the linked guideline excerpt for the keyed option/explanation (content overlap 9%). The question tests management but the linked guideline excerpt addresses a different type of claim."
"guideline-mcq:bone-marrow-biopsy-indications-and-interpretation","0","evidence_consistency: Low textual support from the linked guideline excerpt for the keyed option/explanation (content overlap 8%). The question tests diagnosis but the linked guideline excerpt addresses a different type of claim. Reference year(s) do not match the linked guideline excerpt (2018 vs 2020)."
"guideline-mcq:bone-marrow-biopsy-indications-and-interpretation","1","evidence_consistency: Low textual support from the linked guideline excerpt for the keyed option/explanation (content overlap 7%). The question tests diagnosis but the linked guideline excerpt addresses a different type of claim. Reference year(s) do not match the linked guideline excerpt (2018 vs 2020)."
"guideline-mcq:bone-marrow-biopsy-indications-and-interpretation","2","evidence_consistency: Low textual support from the linked guideline excerpt for the keyed option/explanation (content overlap 4%). Reference year(s) do not match the linked guideline excerpt (2018 vs 2020)."
"guideline-mcq:bone-marrow-biopsy-indications-and-interpretation","3","evidence_consistency: Low textual support from the linked guideline excerpt for the keyed option/explanation (content overlap 8%). The question tests diagnosis but the linked guideline excerpt addresses a different type of claim. Reference year(s) do not match the linked guideline excerpt (2018 vs 2020)."
"paper-mcq:pancytopenia-diagnostic-workup","0","evidence_consistency: Low textual support from the linked guideline excerpt for the keyed option/explanation (content overlap 12%)."
"guideline-mcq:metastatic-colorectal-cancer-systemic-therapy-sequencing","2","evidence_consistency: The question tests diagnosis, management but the linked guideline excerpt addresses a different type of claim."
"guideline-mcq:metastatic-colorectal-cancer-systemic-therapy-sequencing","3","evidence_consistency: The question tests dose, management but the linked guideline excerpt addresses a different type of claim."
"guideline-mcq:lung-cancer-screening-low-dose-ct","2","evidence_consistency: The question tests screening but the linked guideline excerpt addresses a different type of claim."
"guideline-mcq:Borderline-personality-disorder-dialectical-behavior-therapy","0","evidence_consistency: Low textual support from the linked guideline excerpt for the keyed option/explanation (content overlap 0%). The question tests management but the linked guideline excerpt addresses a different type of claim."
"guideline-mcq:Borderline-personality-disorder-dialectical-behavior-therapy","1","evidence_consistency: Low textual support from the linked guideline excerpt for the keyed option/explanation (content overlap 6%)."
"guideline-mcq:Borderline-personality-disorder-dialectical-behavior-therapy","2","evidence_consistency: Low textual support from the linked guideline excerpt for the keyed option/explanation (content overlap 0%)."
"paper-mcq:botulism-foodborne-vs-wound-vs-infantile-antitoxin-icu-respiratory-support","0","evidence_consistency: Low textual support from the linked guideline excerpt for the keyed option/explanation (content overlap 15%)."
"paper-mcq:botulism-foodborne-vs-wound-vs-infantile-antitoxin-icu-respiratory-support","1","evidence_consistency: Low textual support from the linked guideline excerpt for the keyed option/explanation (content overlap 14%). The question tests diagnosis but the linked guideline excerpt addresses a different type of claim."
"paper-mcq:botulism-foodborne-vs-wound-vs-infantile-antitoxin-icu-respiratory-support","2","evidence_consistency: Low textual support from the linked guideline excerpt for the keyed option/explanation (content overlap 7%). The question tests diagnosis but the linked guideline excerpt addresses a different type of claim."
"paper-mcq:botulism-foodborne-vs-wound-vs-infantile-antitoxin-icu-respiratory-support","3","evidence_consistency: The explanation admits inference, extrapolation, or incomplete source support. Low textual support from the linked guideline excerpt for the keyed option/explanation (content overlap 7%). The question tests diagnosis, management but the linked guideline excerpt addresses a different type of claim."
"paper-mcq:botulism-foodborne-vs-wound-vs-infantile-antitoxin-icu-respiratory-support","4","evidence_consistency: Low textual support from the linked guideline excerpt for the keyed option/explanation (content overlap 5%). The question tests diagnosis but the linked guideline excerpt addresses a different type of claim."
"guideline-mcq:botulism-foodborne-vs-wound-vs-infantile-antitoxin-icu-respiratory-support","1","evidence_consistency: The question tests management but the linked guideline excerpt addresses a different type of claim."
"guideline-mcq:botulism-foodborne-vs-wound-vs-infantile-antitoxin-icu-respiratory-support","2","evidence_consistency: The question tests prognosis but the linked guideline excerpt addresses a different type of claim."
"guideline-mcq:botulism-foodborne-vs-wound-vs-infantile-antitoxin-icu-respiratory-support","3","evidence_consistency: The question tests diagnosis, management but the linked guideline excerpt addresses a different type of claim."
"guideline-mcq:organ-donation-after-brain-death-and-dcd-icu-donor-management","0","evidence_consistency: Reference year(s) do not match the linked guideline excerpt (2018 vs 2010, 2015, 2023)."
"guideline-mcq:brain-death-determination-clinical-criteria-and-ancillary-testing","0","evidence_consistency: Low textual support from the linked guideline excerpt for the keyed option/explanation (content overlap 10%). The question tests management but the linked guideline excerpt addresses a different type of claim."
"guideline-mcq:brain-death-determination-clinical-criteria-and-ancillary-testing","1","evidence_consistency: The question tests diagnosis but the linked guideline excerpt addresses a different type of claim."
"guideline-mcq:brain-death-determination-clinical-criteria-and-ancillary-testing","3","evidence_consistency: The explanation admits inference, extrapolation, or incomplete source support."
"guideline-mcq:bronchial-provocation-testing","0","evidence_consistency: Low textual support from the linked guideline excerpt for the keyed option/explanation (content overlap 11%)."
"guideline-mcq:bronchial-provocation-testing","1","evidence_consistency: Low textual support from the linked guideline excerpt for the keyed option/explanation (content overlap 8%). Numeric recommendation absent from the linked guideline excerpt: 2.4 L, 3.2 L, 4 mg."
"guideline-mcq:bronchial-provocation-testing","2","evidence_consistency: Low textual support from the linked guideline excerpt for the keyed option/explanation (content overlap 8%)."
"guideline-mcq:bronchial-provocation-testing","3","evidence_consistency: Low textual support from the linked guideline excerpt for the keyed option/explanation (content overlap 12%). Numeric recommendation absent from the linked guideline excerpt: 12 mg."
"cold-start-mcq:bronchiectasis","0","evidence_consistency: Low textual support from the linked guideline excerpt for the keyed option/explanation (content overlap 3%)."
"cold-start-mcq:bronchiectasis","1","evidence_consistency: Low textual support from the linked guideline excerpt for the keyed option/explanation (content overlap 3%). The question tests diagnosis but the linked guideline excerpt addresses a different type of claim."
"cold-start-mcq:bronchiectasis","2","evidence_consistency: Low textual support from the linked guideline excerpt for the keyed option/explanation (content overlap 0%)."
"cold-start-mcq:bronchiectasis","4","evidence_consistency: Low textual support from the linked guideline excerpt for the keyed option/explanation (content overlap 11%)."
"guideline-mcq:Bronchiectasis-long-term-macrolide-therapy","0","evidence_consistency: Low textual support from the linked guideline excerpt for the keyed option/explanation (content overlap 14%)."
"guideline-mcq:Bronchiectasis-long-term-macrolide-therapy","1","evidence_consistency: Low textual support from the linked guideline excerpt for the keyed option/explanation (content overlap 0%)."
"cold-start-mcq:bronchiolitis","1","evidence_consistency: Low textual support from the linked guideline excerpt for the keyed option/explanation (content overlap 6%)."
"cold-start-mcq:bronchiolitis","3","evidence_consistency: Low textual support from the linked guideline excerpt for the keyed option/explanation (content overlap 5%). The question tests management but the linked guideline excerpt addresses a different type of claim."
"cold-start-mcq:bronchiolitis","4","evidence_consistency: Low textual support from the linked guideline excerpt for the keyed option/explanation (content overlap 2%). The question tests diagnosis but the linked guideline excerpt addresses a different type of claim. Numeric recommendation absent from the linked guideline excerpt: 6 months."
"cold-start-mcq:viral-wheeze","1","evidence_consistency: Low textual support from the linked guideline excerpt for the keyed option/explanation (content overlap 5%). Numeric recommendation absent from the linked guideline excerpt: 12 months."
"cold-start-mcq:viral-wheeze","2","evidence_consistency: Low textual support from the linked guideline excerpt for the keyed option/explanation (content overlap 11%). Numeric recommendation absent from the linked guideline excerpt: 1 month, 3 months, 35 weeks."
"paper-mcq:bronchiolitis-assessment-risk-stratification-and-management","0","evidence_consistency: Low textual support from the linked guideline excerpt for the keyed option/explanation (content overlap 7%). The question tests diagnosis but the linked guideline excerpt addresses a different type of claim. Numeric recommendation absent from the linked guideline excerpt: 12 weeks, 24 hours, 32 weeks, 6 months."
"paper-mcq:bronchiolitis-assessment-risk-stratification-and-management","1","evidence_consistency: Low textual support from the linked guideline excerpt for the keyed option/explanation (content overlap 13%)."
"paper-mcq:bronchiolitis-assessment-risk-stratification-and-management","2","evidence_consistency: Low textual support from the linked guideline excerpt for the keyed option/explanation (content overlap 2%). The question tests dose but the linked guideline excerpt addresses a different type of claim. Numeric recommendation absent from the linked guideline excerpt: 12 months, 70 days."
"guideline-mcq:viral-wheeze","0","evidence_consistency: Reference year(s) do not match the linked guideline excerpt (2025 vs 2015, 2026)."
"cold-start-mcq:community-acquired-pneumonia","2","evidence_consistency: Low textual support from the linked guideline excerpt for the keyed option/explanation (content overlap 6%). The question tests prognosis, screening but the linked guideline excerpt addresses a different type of claim. Numeric recommendation absent from the linked guideline excerpt: 2 years, 6 years."
"guideline-mcq:viral-respiratory-infections-rsv-parainfluenza-adenovirus-clinical-features-at-risk-populations","0","evidence_consistency: Numeric recommendation absent from the linked guideline excerpt: 28 weeks."
"guideline-mcq:pulmonary-arterial-hypertension-targeted-therapy","3","evidence_consistency: Low textual support from the linked guideline excerpt for the keyed option/explanation (content overlap 16%). The question tests management but the linked guideline excerpt addresses a different type of claim."
"paper-mcq:bronchiolitis-and-viral-wheeze","0","evidence_consistency: Low textual support from the linked guideline excerpt for the keyed option/explanation (content overlap 11%)."
"paper-mcq:bronchiolitis-and-viral-wheeze","1","evidence_consistency: Low textual support from the linked guideline excerpt for the keyed option/explanation (content overlap 12%)."
"paper-mcq:bronchiolitis-and-viral-wheeze","2","evidence_consistency: Low textual support from the linked guideline excerpt for the keyed option/explanation (content overlap 5%)."
"paper-mcq:bronchiolitis-and-viral-wheeze","3","evidence_consistency: Low textual support from the linked guideline excerpt for the keyed option/explanation (content overlap 10%). The question tests diagnosis, management but the linked guideline excerpt addresses a different type of claim."
"paper-mcq:bronchiolitis-and-viral-wheeze","4","evidence_consistency: The question tests management but the linked guideline excerpt addresses a different type of claim."
"paper-mcq:rsv-prophylaxis","0","evidence_consistency: Low textual support from the linked guideline excerpt for the keyed option/explanation (content overlap 8%). Numeric recommendation absent from the linked guideline excerpt: 8 months, 85 days."
"paper-mcq:brucellosis-occupational-exposure-serology-doxycycline-rifampicin-combination-relapse","0","evidence_consistency: Low textual support from the linked guideline excerpt for the keyed option/explanation (content overlap 12%)."
"paper-mcq:brucellosis-occupational-exposure-serology-doxycycline-rifampicin-combination-relapse","1","evidence_consistency: Low textual support from the linked guideline excerpt for the keyed option/explanation (content overlap 0%). The question tests diagnosis but the linked guideline excerpt addresses a different type of claim. Numeric recommendation absent from the linked guideline excerpt: 6 months."
"paper-mcq:brucellosis-occupational-exposure-serology-doxycycline-rifampicin-combination-relapse","2","evidence_consistency: Low textual support from the linked guideline excerpt for the keyed option/explanation (content overlap 7%)."
"paper-mcq:brucellosis-occupational-exposure-serology-doxycycline-rifampicin-combination-relapse","3","evidence_consistency: Low textual support from the linked guideline excerpt for the keyed option/explanation (content overlap 5%)."
"paper-mcq:brucellosis-occupational-exposure-serology-doxycycline-rifampicin-combination-relapse","4","evidence_consistency: Low textual support from the linked guideline excerpt for the keyed option/explanation (content overlap 6%)."
"guideline-mcq:spontaneous-bacterial-peritonitis","2","evidence_consistency: Low textual support from the linked guideline excerpt for the keyed option/explanation (content overlap 16%). Reference year(s) do not match the linked guideline excerpt (2025 vs 2007, 2009)."
"guideline-mcq:burkitt-lymphoma","2","evidence_consistency: The explanation admits inference, extrapolation, or incomplete source support."
"guideline-mcq:burkitt-lymphoma","3","evidence_consistency: Low textual support from the linked guideline excerpt for the keyed option/explanation (content overlap 10%)."
"cold-start-mcq:burkitt-lymphoma","1","evidence_consistency: Low textual support from the linked guideline excerpt for the keyed option/explanation (content overlap 15%)."
"cold-start-mcq:burkitt-lymphoma","2","evidence_consistency: The explanation admits inference, extrapolation, or incomplete source support."
"paper-mcq:burkitt-lymphoma","0","evidence_consistency: Low textual support from the linked guideline excerpt for the keyed option/explanation (content overlap 12%)."
"paper-mcq:burkitt-lymphoma","3","evidence_consistency: Low textual support from the linked guideline excerpt for the keyed option/explanation (content overlap 10%). The question tests diagnosis but the linked guideline excerpt addresses a different type of claim."
"paper-mcq:vapor-gas-dust-and-fume-exposures","3","evidence_consistency: Low textual support from the linked guideline excerpt for the keyed option/explanation (content overlap 9%)."
"guideline-mcq:burns-critical-care-fluid-resuscitation-parkland-formula-escharotomy","0","evidence_consistency: The question tests management but the linked guideline excerpt addresses a different type of claim. Numeric recommendation absent from the linked guideline excerpt: 24 hours, 3780 mL, 4 mL, 4.2 L, 70 kg, 7560 mL, 8 hours."
"guideline-mcq:burns-critical-care-fluid-resuscitation-parkland-formula-escharotomy","1","evidence_consistency: Low textual support from the linked guideline excerpt for the keyed option/explanation (content overlap 3%)."
"guideline-mcq:burns-critical-care-fluid-resuscitation-parkland-formula-escharotomy","2","evidence_consistency: Low textual support from the linked guideline excerpt for the keyed option/explanation (content overlap 10%). The question tests management but the linked guideline excerpt addresses a different type of claim."
"guideline-mcq:burns-critical-care-fluid-resuscitation-parkland-formula-escharotomy","3","evidence_consistency: Low textual support from the linked guideline excerpt for the keyed option/explanation (content overlap 14%). Numeric recommendation absent from the linked guideline excerpt: 1 mL."
"guideline-mcq:byssinosis","0","evidence_consistency: The question tests diagnosis, management but the linked guideline excerpt addresses a different type of claim. Reference year(s) do not match the linked guideline excerpt (2023 vs 2019)."
"guideline-mcq:byssinosis","1","evidence_consistency: The question tests diagnosis, prognosis but the linked guideline excerpt addresses a different type of claim. Reference year(s) do not match the linked guideline excerpt (2023 vs 2019)."
"guideline-mcq:byssinosis","2","evidence_consistency: The explanation admits inference, extrapolation, or incomplete source support. Reference year(s) do not match the linked guideline excerpt (2023 vs 2019)."
"guideline-mcq:byssinosis","3","evidence_consistency: The question tests diagnosis, management but the linked guideline excerpt addresses a different type of claim. Reference year(s) do not match the linked guideline excerpt (2023 vs 2019)."
"guideline-mcq:C3-glomerulopathy-and-complement-inhibition","0","evidence_consistency: Low textual support from the linked guideline excerpt for the keyed option/explanation (content overlap 14%). The question tests diagnosis but the linked guideline excerpt addresses a different type of claim."
"guideline-mcq:C3-glomerulopathy-and-complement-inhibition","1","evidence_consistency: Low textual support from the linked guideline excerpt for the keyed option/explanation (content overlap 13%)."
"guideline-mcq:C3-glomerulopathy-and-complement-inhibition","2","evidence_consistency: Low textual support from the linked guideline excerpt for the keyed option/explanation (content overlap 14%)."
"guideline-mcq:coronary-revascularisation-in-multivessel-disease-syntax-score-pci-vs-cabg","0","evidence_consistency: Low textual support from the linked guideline excerpt for the keyed option/explanation (content overlap 15%)."
"guideline-mcq:CABG-versus-PCI-multivessel-coronary-disease","0","evidence_consistency: Low textual support from the linked guideline excerpt for the keyed option/explanation (content overlap 12%). The question tests prognosis but the linked guideline excerpt addresses a different type of claim."
"guideline-mcq:CABG-versus-PCI-multivessel-coronary-disease","1","evidence_consistency: The explanation admits inference, extrapolation, or incomplete source support."
"guideline-mcq:CABG-versus-PCI-multivessel-coronary-disease","2","evidence_consistency: Low textual support from the linked guideline excerpt for the keyed option/explanation (content overlap 10%). The question tests prognosis but the linked guideline excerpt addresses a different type of claim."
"guideline-mcq:cadasil-genetic-features-mri-findings-clinical-course","1","evidence_consistency: The question tests diagnosis but the linked guideline excerpt addresses a different type of claim."
"paper-mcq:basic-calcium-phosphate-deposition-hydroxyapatite-milwaukee-shoulder-calcific-tendinitis","0","evidence_consistency: Low textual support from the linked guideline excerpt for the keyed option/explanation (content overlap 0%)."
"paper-mcq:basic-calcium-phosphate-deposition-hydroxyapatite-milwaukee-shoulder-calcific-tendinitis","3","evidence_consistency: Low textual support from the linked guideline excerpt for the keyed option/explanation (content overlap 0%)."
"paper-mcq:basic-calcium-phosphate-deposition-hydroxyapatite-milwaukee-shoulder-calcific-tendinitis","4","evidence_consistency: Low textual support from the linked guideline excerpt for the keyed option/explanation (content overlap 0%). The question tests management but the linked guideline excerpt addresses a different type of claim."
"guideline-mcq:basic-calcium-phosphate-deposition-hydroxyapatite-milwaukee-shoulder-calcific-tendinitis","0","evidence_consistency: Low textual support from the linked guideline excerpt for the keyed option/explanation (content overlap 8%)."
"guideline-mcq:basic-calcium-phosphate-deposition-hydroxyapatite-milwaukee-shoulder-calcific-tendinitis","1","evidence_consistency: Low textual support from the linked guideline excerpt for the keyed option/explanation (content overlap 7%)."
"guideline-mcq:basic-calcium-phosphate-deposition-hydroxyapatite-milwaukee-shoulder-calcific-tendinitis","2","evidence_consistency: Low textual support from the linked guideline excerpt for the keyed option/explanation (content overlap 9%)."
"guideline-mcq:basic-calcium-phosphate-deposition-hydroxyapatite-milwaukee-shoulder-calcific-tendinitis","3","evidence_consistency: Low textual support from the linked guideline excerpt for the keyed option/explanation (content overlap 6%)."
"paper-mcq:calcium-pyrophosphate-deposition-cppd-pseudogout-chondrocalcinosis-crowned-dens","0","evidence_consistency: Low textual support from the linked guideline excerpt for the keyed option/explanation (content overlap 5%)."
"paper-mcq:basic-calcium-phosphate-deposition-hydroxyapatite-milwaukee-shoulder-calcific-tendinitis","1","evidence_consistency: Low textual support from the linked guideline excerpt for the keyed option/explanation (content overlap 0%)."
"guideline-mcq:calcium-hydroxyapatite-deposition-disease","1","evidence_consistency: Low textual support from the linked guideline excerpt for the keyed option/explanation (content overlap 8%). The question tests management but the linked guideline excerpt addresses a different type of claim."
"guideline-mcq:hypomagnesaemia","2","evidence_consistency: Reference year(s) do not match the linked guideline excerpt (2011 vs 2023, 2024, 2026)."
"guideline-mcq:Calcium-pyrophosphate-deposition-disease-management","0","evidence_consistency: Low textual support from the linked guideline excerpt for the keyed option/explanation (content overlap 8%). The question tests management but the linked guideline excerpt addresses a different type of claim."
"guideline-mcq:Calcium-pyrophosphate-deposition-disease-management","1","evidence_consistency: Low textual support from the linked guideline excerpt for the keyed option/explanation (content overlap 7%). The question tests management but the linked guideline excerpt addresses a different type of claim."
"guideline-mcq:Calcium-pyrophosphate-deposition-disease-management","2","evidence_consistency: Low textual support from the linked guideline excerpt for the keyed option/explanation (content overlap 8%). The question tests dose, management but the linked guideline excerpt addresses a different type of claim. Numeric recommendation absent from the linked guideline excerpt: 0.6 mg."
"paper-mcq:calcium-pyrophosphate-deposition-disease","0","evidence_consistency: Low textual support from the linked guideline excerpt for the keyed option/explanation (content overlap 5%)."
"paper-mcq:calcium-pyrophosphate-deposition-disease","1","evidence_consistency: Low textual support from the linked guideline excerpt for the keyed option/explanation (content overlap 3%). The question tests prognosis but the linked guideline excerpt addresses a different type of claim."
"paper-mcq:calcium-pyrophosphate-deposition-disease","3","evidence_consistency: Low textual support from the linked guideline excerpt for the keyed option/explanation (content overlap 3%). The question tests dose, management but the linked guideline excerpt addresses a different type of claim."
"paper-mcq:autoinflammatory-syndromes-traps-caps-hids-il-1-pathway-canakinumab","2","evidence_consistency: Low textual support from the linked guideline excerpt for the keyed option/explanation (content overlap 0%)."
"paper-mcq:cirt-and-cantos-trials-methotrexate-and-canakinumab-for-cardiovascular-inflammation","1","evidence_consistency: Low textual support from the linked guideline excerpt for the keyed option/explanation (content overlap 4%). The question tests prognosis but the linked guideline excerpt addresses a different type of claim."
"paper-mcq:canakinumab-anti-inflammatory-therapy-atherosclerotic-disease","0","evidence_consistency: Low textual support from the linked guideline excerpt for the keyed option/explanation (content overlap 5%)."
"paper-mcq:canakinumab-anti-inflammatory-therapy-atherosclerotic-disease","1","evidence_consistency: Low textual support from the linked guideline excerpt for the keyed option/explanation (content overlap 12%)."
"paper-mcq:canakinumab-anti-inflammatory-therapy-atherosclerotic-disease","2","evidence_consistency: Low textual support from the linked guideline excerpt for the keyed option/explanation (content overlap 15%)."
"paper-mcq:canakinumab-anti-inflammatory-therapy-atherosclerotic-disease","3","evidence_consistency: Low textual support from the linked guideline excerpt for the keyed option/explanation (content overlap 6%). The question tests management but the linked guideline excerpt addresses a different type of claim."
"paper-mcq:canakinumab-anti-inflammatory-therapy-atherosclerotic-disease","4","evidence_consistency: Low textual support from the linked guideline excerpt for the keyed option/explanation (content overlap 4%)."
"guideline-mcq:cancer-cachexia","0","evidence_consistency: Low textual support from the linked guideline excerpt for the keyed option/explanation (content overlap 15%)."
"guideline-mcq:cancer-cachexia","1","evidence_consistency: Numeric recommendation absent from the linked guideline excerpt: 6 months."
"guideline-mcq:cancer-cachexia","3","evidence_consistency: Reference year(s) do not match the linked guideline excerpt (2019 vs 2014, 2016)."
"paper-mcq:cancer-cachexia","0","evidence_consistency: Low textual support from the linked guideline excerpt for the keyed option/explanation (content overlap 12%)."
"paper-mcq:cancer-cachexia","1","evidence_consistency: The explanation admits inference, extrapolation, or incomplete source support."
"paper-mcq:cancer-cachexia","2","evidence_consistency: Low textual support from the linked guideline excerpt for the keyed option/explanation (content overlap 9%)."
"paper-mcq:cancer-cachexia","3","evidence_consistency: Low textual support from the linked guideline excerpt for the keyed option/explanation (content overlap 11%)."
"guideline-mcq:pancreatic-cancer","2","evidence_consistency: Low textual support from the linked guideline excerpt for the keyed option/explanation (content overlap 7%)."
"guideline-mcq:cancer-genetics-and-hereditary-syndromes","1","evidence_consistency: The question tests diagnosis but the linked guideline excerpt addresses a different type of claim."
"cold-start-mcq:cancer-genetics-and-hereditary-syndromes","2","evidence_consistency: Low textual support from the linked guideline excerpt for the keyed option/explanation (content overlap 12%)."
"guideline-mcq:colorectal-cancer-screening-and-surveillance","1","evidence_consistency: The question tests diagnosis, management, prognosis but the linked guideline excerpt addresses a different type of claim."
"guideline-mcq:cancer-pain-and-who-analgesic-ladder","0","evidence_consistency: The question tests management but the linked guideline excerpt addresses a different type of claim."
"paper-mcq:acute-and-chronic-pain-assessment-and-opioid-safety","0","evidence_consistency: Low textual support from the linked guideline excerpt for the keyed option/explanation (content overlap 12%)."
"cold-start-mcq:venous-thromboembolism","4","evidence_consistency: Low textual support from the linked guideline excerpt for the keyed option/explanation (content overlap 8%). The question tests prognosis but the linked guideline excerpt addresses a different type of claim."
"cold-start-mcq:cancer-associated-thrombosis","0","evidence_consistency: Low textual support from the linked guideline excerpt for the keyed option/explanation (content overlap 8%)."
"cold-start-mcq:cancer-associated-thrombosis","2","evidence_consistency: Low textual support from the linked guideline excerpt for the keyed option/explanation (content overlap 6%)."
"cold-start-mcq:cancer-associated-thrombosis","3","evidence_consistency: Low textual support from the linked guideline excerpt for the keyed option/explanation (content overlap 6%). The question tests prognosis but the linked guideline excerpt addresses a different type of claim."
"paper-mcq:candida-bloodstream-infection-echocardiography-ophthalmology-review-echinocandin-catheter-removal","0","evidence_consistency: Numeric recommendation absent from the linked guideline excerpt: 48 hours."
"paper-mcq:candida-bloodstream-infection-echocardiography-ophthalmology-review-echinocandin-catheter-removal","1","evidence_consistency: Low textual support from the linked guideline excerpt for the keyed option/explanation (content overlap 0%)."
"paper-mcq:candida-bloodstream-infection-echocardiography-ophthalmology-review-echinocandin-catheter-removal","2","evidence_consistency: Low textual support from the linked guideline excerpt for the keyed option/explanation (content overlap 0%)."
"paper-mcq:candida-bloodstream-infection-echocardiography-ophthalmology-review-echinocandin-catheter-removal","3","evidence_consistency: Low textual support from the linked guideline excerpt for the keyed option/explanation (content overlap 4%)."
"paper-mcq:candida-bloodstream-infection-echocardiography-ophthalmology-review-echinocandin-catheter-removal","4","evidence_consistency: Low textual support from the linked guideline excerpt for the keyed option/explanation (content overlap 3%)."
"guideline-mcq:recurrent-chest-infections","0","evidence_consistency: Low textual support from the linked guideline excerpt for the keyed option/explanation (content overlap 6%). Reference year(s) do not match the linked guideline excerpt (2025 vs 2018)."
"paper-mcq:antifungals-in-icu-current-clinical-practice-guideline-recommendation","3","evidence_consistency: Low textual support from the linked guideline excerpt for the keyed option/explanation (content overlap 0%)."
"cold-start-mcq:invasive-candidiasis-and-candidemia-antifungal-therapy","3","evidence_consistency: Low textual support from the linked guideline excerpt for the keyed option/explanation (content overlap 9%)."
"guideline-mcq:invasive-candidiasis-and-candidemia-antifungal-therapy","2","evidence_consistency: Low textual support from the linked guideline excerpt for the keyed option/explanation (content overlap 2%)."
"guideline-mcq:candida-bloodstream-infection-echocardiography-ophthalmology-review-echinocandin-catheter-removal","0","evidence_consistency: Low textual support from the linked guideline excerpt for the keyed option/explanation (content overlap 15%). Reference year(s) do not match the linked guideline excerpt (2022 vs 2018)."
"guideline-mcq:candida-bloodstream-infection-echocardiography-ophthalmology-review-echinocandin-catheter-removal","1","evidence_consistency: Reference year(s) do not match the linked guideline excerpt (2023 vs 2018)."
"guideline-mcq:candida-bloodstream-infection-echocardiography-ophthalmology-review-echinocandin-catheter-removal","2","evidence_consistency: Numeric recommendation absent from the linked guideline excerpt: 7 days. Reference year(s) do not match the linked guideline excerpt (2022 vs 2018)."
"guideline-mcq:candida-bloodstream-infection-echocardiography-ophthalmology-review-echinocandin-catheter-removal","3","evidence_consistency: Low textual support from the linked guideline excerpt for the keyed option/explanation (content overlap 14%). Reference year(s) do not match the linked guideline excerpt (2022 vs 2018)."
"guideline-mcq:capsule-endoscopy","0","evidence_consistency: The question tests management but the linked guideline excerpt addresses a different type of claim. Reference year(s) do not match the linked guideline excerpt (2015 vs 2023)."
"guideline-mcq:capsule-endoscopy","2","evidence_consistency: Numeric recommendation absent from the linked guideline excerpt: 72 hours. Reference year(s) do not match the linked guideline excerpt (2015 vs 2023)."
"guideline-mcq:capsule-endoscopy","3","evidence_consistency: Reference year(s) do not match the linked guideline excerpt (2015 vs 2023)."
"guideline-mcq:obscure-gi-bleeding","0","evidence_consistency: Reference year(s) do not match the linked guideline excerpt (2017 vs 2015, 2019)."
"guideline-mcq:obscure-gi-bleeding","2","evidence_consistency: Reference year(s) do not match the linked guideline excerpt (2021 vs 2019, 2022)."
"guideline-mcq:obscure-gi-bleeding","3","evidence_consistency: Reference year(s) do not match the linked guideline excerpt (2019 vs 2013, 2015)."
"paper-mcq:obscure-gi-bleeding","0","evidence_consistency: Low textual support from the linked guideline excerpt for the keyed option/explanation (content overlap 9%)."
"paper-mcq:obscure-gi-bleeding","1","evidence_consistency: Low textual support from the linked guideline excerpt for the keyed option/explanation (content overlap 5%)."
"paper-mcq:obscure-gi-bleeding","2","evidence_consistency: Numeric recommendation absent from the linked guideline excerpt: 2L."
"guideline-mcq:car-t-therapy-large-b-cell-lymphoma","2","evidence_consistency: Low textual support from the linked guideline excerpt for the keyed option/explanation (content overlap 4%)."
"guideline-mcq:diffuse-large-b-cell-lymphoma-car-t-cell-therapy-in-relapsedrefractory-disease","1","evidence_consistency: Numeric recommendation absent from the linked guideline excerpt: 20 months."
"paper-mcq:car-t-cell-therapy-refractory-large-b-cell-lymphoma-axicabtagene","0","evidence_consistency: Low textual support from the linked guideline excerpt for the keyed option/explanation (content overlap 12%)."
"paper-mcq:car-t-cell-therapy-refractory-large-b-cell-lymphoma-axicabtagene","2","evidence_consistency: Low textual support from the linked guideline excerpt for the keyed option/explanation (content overlap 15%)."
"paper-mcq:car-t-cell-therapy-refractory-large-b-cell-lymphoma-axicabtagene","3","evidence_consistency: Low textual support from the linked guideline excerpt for the keyed option/explanation (content overlap 5%)."
"paper-mcq:car-t-cell-therapy-refractory-large-b-cell-lymphoma-axicabtagene","4","evidence_consistency: Low textual support from the linked guideline excerpt for the keyed option/explanation (content overlap 11%)."
"paper-mcq:relapsed-and-refractory-dlbcl","1","evidence_consistency: Low textual support from the linked guideline excerpt for the keyed option/explanation (content overlap 2%). Numeric recommendation absent from the linked guideline excerpt: 1 month, 4 months."
"cold-start-mcq:car-t-therapy-large-b-cell-lymphoma","1","evidence_consistency: Low textual support from the linked guideline excerpt for the keyed option/explanation (content overlap 2%)."
"cold-start-mcq:car-t-therapy-large-b-cell-lymphoma","3","evidence_consistency: Low textual support from the linked guideline excerpt for the keyed option/explanation (content overlap 6%)."
"cold-start-mcq:car-t-therapy-large-b-cell-lymphoma","4","evidence_consistency: Low textual support from the linked guideline excerpt for the keyed option/explanation (content overlap 5%). The question tests prognosis but the linked guideline excerpt addresses a different type of claim."
"guideline-mcq:CAR-T-therapy-large-B-cell-lymphoma","0","evidence_consistency: Low textual support from the linked guideline excerpt for the keyed option/explanation (content overlap 4%). Numeric recommendation absent from the linked guideline excerpt: 60 mL."
"guideline-mcq:CAR-T-therapy-large-B-cell-lymphoma","1","evidence_consistency: Low textual support from the linked guideline excerpt for the keyed option/explanation (content overlap 0%)."
"cold-start-mcq:diffuse-large-b-cell-lymphoma-car-t-cell-therapy-in-relapsed-refractory-disease","0","evidence_consistency: Low textual support from the linked guideline excerpt for the keyed option/explanation (content overlap 12%)."
"cold-start-mcq:diffuse-large-b-cell-lymphoma-car-t-cell-therapy-in-relapsed-refractory-disease","1","evidence_consistency: Low textual support from the linked guideline excerpt for the keyed option/explanation (content overlap 3%)."
"guideline-mcq:Diffuse-large-B-cell-lymphoma:-CAR-T-cell-therapy-in-relapse","1","evidence_consistency: Low textual support from the linked guideline excerpt for the keyed option/explanation (content overlap 14%)."
"paper-mcq:carcinoid-tumour-and-carcinoid-syndrome-serotonin-octreotide-liver-metastases","0","evidence_consistency: Low textual support from the linked guideline excerpt for the keyed option/explanation (content overlap 11%)."
"paper-mcq:carcinoid-tumour-and-carcinoid-syndrome-serotonin-octreotide-liver-metastases","1","evidence_consistency: Low textual support from the linked guideline excerpt for the keyed option/explanation (content overlap 12%)."
"paper-mcq:carcinoid-tumour-and-carcinoid-syndrome-serotonin-octreotide-liver-metastases","3","evidence_consistency: Low textual support from the linked guideline excerpt for the keyed option/explanation (content overlap 6%)."
"paper-mcq:carcinoid-tumour-and-carcinoid-syndrome-serotonin-octreotide-liver-metastases","4","evidence_consistency: Low textual support from the linked guideline excerpt for the keyed option/explanation (content overlap 11%)."
"guideline-mcq:carcinoid-tumour-and-carcinoid-syndrome-serotonin-octreotide-liver-metastases","0","evidence_consistency: The question tests management but the linked guideline excerpt addresses a different type of claim. Reference year(s) do not match the linked guideline excerpt (2019 vs 2026)."
"guideline-mcq:carcinoid-tumour-and-carcinoid-syndrome-serotonin-octreotide-liver-metastases","2","evidence_consistency: Low textual support from the linked guideline excerpt for the keyed option/explanation (content overlap 4%). Numeric recommendation absent from the linked guideline excerpt: 100 mg. Reference year(s) do not match the linked guideline excerpt (2019 vs 2026)."
"guideline-mcq:carcinoid-tumour-and-carcinoid-syndrome-serotonin-octreotide-liver-metastases","3","evidence_consistency: Low textual support from the linked guideline excerpt for the keyed option/explanation (content overlap 7%). The question tests management, screening but the linked guideline excerpt addresses a different type of claim. Reference year(s) do not match the linked guideline excerpt (2019 vs 2013, 2026)."
"cold-start-mcq:pancreatitis-complications","3","evidence_consistency: Low textual support from the linked guideline excerpt for the keyed option/explanation (content overlap 6%)."
"guideline-mcq:carcinoid-tumours-and-small-bowel-neuroendocrine-tumours","1","evidence_consistency: The question tests management but the linked guideline excerpt addresses a different type of claim."
"guideline-mcq:gastroenteropancreatic-neuroendocrine-tumours","3","evidence_consistency: Low textual support from the linked guideline excerpt for the keyed option/explanation (content overlap 8%). The question tests diagnosis but the linked guideline excerpt addresses a different type of claim."
"guideline-mcq:cardiac-amyloidosis-ttr-vs-al-tafamidis-diagnosis-with-bone-scintigraphy","0","evidence_consistency: Reference year(s) do not match the linked guideline excerpt (2020 vs 2026)."
"guideline-mcq:cardiac-amyloidosis-ttr-vs-al-tafamidis-diagnosis-with-bone-scintigraphy","1","evidence_consistency: Reference year(s) do not match the linked guideline excerpt (2017 vs 2026)."
"guideline-mcq:cardiac-amyloidosis-ttr-vs-al-tafamidis-diagnosis-with-bone-scintigraphy","2","evidence_consistency: Reference year(s) do not match the linked guideline excerpt (2023 vs 2026)."
"guideline-mcq:cardiac-amyloidosis-ttr-vs-al-tafamidis-diagnosis-with-bone-scintigraphy","3","evidence_consistency: Reference year(s) do not match the linked guideline excerpt (2020 vs 2026)."
"paper-mcq:cardiac-amyloidosis-ttr-vs-al-tafamidis-diagnosis-with-bone-scintigraphy","1","evidence_consistency: Low textual support from the linked guideline excerpt for the keyed option/explanation (content overlap 9%). The question tests management but the linked guideline excerpt addresses a different type of claim."
"paper-mcq:cardiac-amyloidosis-ttr-vs-al-tafamidis-diagnosis-with-bone-scintigraphy","3","evidence_consistency: Low textual support from the linked guideline excerpt for the keyed option/explanation (content overlap 13%). The question tests management but the linked guideline excerpt addresses a different type of claim."
"cold-start-mcq:transthyretin-amyloidosis-treatment","2","evidence_consistency: Low textual support from the linked guideline excerpt for the keyed option/explanation (content overlap 10%)."
"guideline-mcq:carpal-tunnel-syndrome-median-nerve-compression-phalen-emg-conservative-vs-surgical","0","evidence_consistency: Reference year(s) do not match the linked guideline excerpt (2017 vs 2026)."
"paper-mcq:aa-amyloidosis-secondary-to-chronic-arthritis","2","evidence_consistency: Low textual support from the linked guideline excerpt for the keyed option/explanation (content overlap 14%)."
"guideline-mcq:transthyretin-amyloidosis-treatment","1","evidence_consistency: The question tests screening but the linked guideline excerpt addresses a different type of claim."
"cold-start-mcq:cardiac-arrest","4","evidence_consistency: Low textual support from the linked guideline excerpt for the keyed option/explanation (content overlap 8%). The question tests management, prognosis but the linked guideline excerpt addresses a different type of claim."
"guideline-mcq:cardiac-device-safety-mri-conditional-pacing-electromagnetic-interference-recalls","0","evidence_consistency: Low textual support from the linked guideline excerpt for the keyed option/explanation (content overlap 8%). The question tests diagnosis but the linked guideline excerpt addresses a different type of claim. Reference year(s) do not match the linked guideline excerpt (1974, 2010 vs 2024)."
"guideline-mcq:cardiac-device-safety-mri-conditional-pacing-electromagnetic-interference-recalls","1","evidence_consistency: Low textual support from the linked guideline excerpt for the keyed option/explanation (content overlap 2%). Reference year(s) do not match the linked guideline excerpt (1974, 2010 vs 2024)."
"guideline-mcq:cardiac-device-safety-mri-conditional-pacing-electromagnetic-interference-recalls","3","evidence_consistency: Low textual support from the linked guideline excerpt for the keyed option/explanation (content overlap 8%). The question tests management but the linked guideline excerpt addresses a different type of claim. Reference year(s) do not match the linked guideline excerpt (1974, 2010 vs 2024)."
"cold-start-mcq:device-related-infections","1","evidence_consistency: The explanation admits inference, extrapolation, or incomplete source support. Low textual support from the linked guideline excerpt for the keyed option/explanation (content overlap 7%). Numeric recommendation absent from the linked guideline excerpt: 14 days."
"cold-start-mcq:device-related-infections","3","evidence_consistency: Low textual support from the linked guideline excerpt for the keyed option/explanation (content overlap 4%)."
"guideline-mcq:cardiac-implantable-electronic-device-infection","2","evidence_consistency: Low textual support from the linked guideline excerpt for the keyed option/explanation (content overlap 11%)."
"guideline-mcq:Cardiac-implantable-electronic-device-infection","0","evidence_consistency: Numeric recommendation absent from the linked guideline excerpt: 6 weeks."
"guideline-mcq:Cardiac-implantable-electronic-device-infection","1","evidence_consistency: Low textual support from the linked guideline excerpt for the keyed option/explanation (content overlap 8%)."
"guideline-mcq:Cardiac-implantable-electronic-device-infection","2","evidence_consistency: Numeric recommendation absent from the linked guideline excerpt: 6 weeks."
"guideline-mcq:cardiac-myxoma-clinical-features-embolism-risk-surgical-excision","0","evidence_consistency: The question tests prognosis but the linked guideline excerpt addresses a different type of claim."
"guideline-mcq:cardiac-myxoma-clinical-features-embolism-risk-surgical-excision","3","evidence_consistency: Low textual support from the linked guideline excerpt for the keyed option/explanation (content overlap 8%)."
"guideline-mcq:sports-cardiology-pre-participation-screening-athletes-heart-exercise-restriction","1","evidence_consistency: Low textual support from the linked guideline excerpt for the keyed option/explanation (content overlap 6%)."
"cold-start-mcq:cardiac-rehabilitation-after-myocardial-infarction","1","evidence_consistency: Low textual support from the linked guideline excerpt for the keyed option/explanation (content overlap 10%)."
"cold-start-mcq:cardiac-rehabilitation-after-myocardial-infarction","2","evidence_consistency: The explanation admits inference, extrapolation, or incomplete source support. Low textual support from the linked guideline excerpt for the keyed option/explanation (content overlap 6%)."
"cold-start-mcq:cardiac-rehabilitation-after-myocardial-infarction","3","evidence_consistency: Low textual support from the linked guideline excerpt for the keyed option/explanation (content overlap 10%)."
"cold-start-mcq:cardiac-rehabilitation-after-myocardial-infarction","4","evidence_consistency: Low textual support from the linked guideline excerpt for the keyed option/explanation (content overlap 2%)."
"guideline-mcq:Cardiac-rehabilitation-after-myocardial-infarction","0","evidence_consistency: Low textual support from the linked guideline excerpt for the keyed option/explanation (content overlap 11%). The question tests management but the linked guideline excerpt addresses a different type of claim."
"guideline-mcq:Cardiac-rehabilitation-after-myocardial-infarction","2","evidence_consistency: Numeric recommendation absent from the linked guideline excerpt: 5 days."
"guideline-mcq:cardiac-resynchronisation-therapy-patient-selection-qrs-criteria-response-predictors","1","evidence_consistency: The question tests management but the linked guideline excerpt addresses a different type of claim."
"guideline-mcq:cardiac-resynchronisation-therapy-patient-selection-qrs-criteria-response-predictors","2","evidence_consistency: Low textual support from the linked guideline excerpt for the keyed option/explanation (content overlap 6%)."
"guideline-mcq:cardiac-resynchronisation-therapy-patient-selection-qrs-criteria-response-predictors","3","evidence_consistency: The question tests management but the linked guideline excerpt addresses a different type of claim."
"guideline-mcq:pacemaker-indications-sinus-node-dysfunction-av-block-niceesc-criteria","0","evidence_consistency: The question tests management but the linked guideline excerpt addresses a different type of claim."
"guideline-mcq:Cardiac-resynchronization-therapy-in-heart-failure","0","evidence_consistency: Low textual support from the linked guideline excerpt for the keyed option/explanation (content overlap 14%)."
"guideline-mcq:Cardiac-resynchronization-therapy-in-heart-failure","2","evidence_consistency: The question tests management but the linked guideline excerpt addresses a different type of claim."
"paper-mcq:cardiac-resynchronization-therapy-heart-failure-companion-trial","1","evidence_consistency: Low textual support from the linked guideline excerpt for the keyed option/explanation (content overlap 14%)."
"paper-mcq:cardiac-resynchronization-therapy-heart-failure-companion-trial","2","evidence_consistency: Low textual support from the linked guideline excerpt for the keyed option/explanation (content overlap 15%)."
"paper-mcq:cardiac-resynchronization-therapy-heart-failure-companion-trial","3","evidence_consistency: The explanation admits inference, extrapolation, or incomplete source support."
"guideline-mcq:Cardiac-resynchronization-therapy-in-heart-failure","1","evidence_consistency: Low textual support from the linked guideline excerpt for the keyed option/explanation (content overlap 14%)."
"guideline-mcq:cardiac-tamponade-becks-triad-pericardiocentesis-surgical-drainage","0","evidence_consistency: Low textual support from the linked guideline excerpt for the keyed option/explanation (content overlap 3%). Reference year(s) do not match the linked guideline excerpt (2015, 2016 vs 2024)."
"guideline-mcq:cardiac-tamponade-becks-triad-pericardiocentesis-surgical-drainage","2","evidence_consistency: Low textual support from the linked guideline excerpt for the keyed option/explanation (content overlap 4%). The question tests diagnosis but the linked guideline excerpt addresses a different type of claim. Reference year(s) do not match the linked guideline excerpt (2019 vs 2024)."
"guideline-mcq:cardiac-tamponade-becks-triad-pericardiocentesis-surgical-drainage","3","evidence_consistency: Low textual support from the linked guideline excerpt for the keyed option/explanation (content overlap 2%). Reference year(s) do not match the linked guideline excerpt (2019 vs 2024)."
"guideline-mcq:cardiogenic-shock-classification-and-early-mechanical-circulatory-support","0","evidence_consistency: Low textual support from the linked guideline excerpt for the keyed option/explanation (content overlap 5%)."
"guideline-mcq:cardiogenic-shock-classification-and-early-mechanical-circulatory-support","2","evidence_consistency: The question tests management but the linked guideline excerpt addresses a different type of claim."
"guideline-mcq:cardiogenic-shock-aetiology-diagnosis-and-mechanical-circulatory-support","0","evidence_consistency: The explanation admits inference, extrapolation, or incomplete source support."
"guideline-mcq:cardiogenic-shock-aetiology-diagnosis-and-mechanical-circulatory-support","1","evidence_consistency: Low textual support from the linked guideline excerpt for the keyed option/explanation (content overlap 9%)."
"guideline-mcq:cardiogenic-shock-aetiology-diagnosis-and-mechanical-circulatory-support","2","evidence_consistency: Low textual support from the linked guideline excerpt for the keyed option/explanation (content overlap 0%). The question tests dose, management but the linked guideline excerpt addresses a different type of claim."
"guideline-mcq:cardiogenic-shock-aetiology-diagnosis-and-mechanical-circulatory-support","3","evidence_consistency: The question tests dose, management but the linked guideline excerpt addresses a different type of claim. Reference year(s) do not match the linked guideline excerpt (2019 vs 2023)."
"cold-start-mcq:how-to-distinguish-septic-shock-from-cardiogenic-shock-clinically","1","evidence_consistency: Low textual support from the linked guideline excerpt for the keyed option/explanation (content overlap 5%). The question tests diagnosis but the linked guideline excerpt addresses a different type of claim."
"guideline-mcq:Cardiogenic-shock-mechanical-circulatory-support","2","evidence_consistency: Low textual support from the linked guideline excerpt for the keyed option/explanation (content overlap 15%)."
"guideline-mcq:cardiogenic-shock-intra-aortic-balloon-pump-and-revascularization","0","evidence_consistency: The question tests management but the linked guideline excerpt addresses a different type of claim."
"guideline-mcq:Cardiogenic-shock:-intra-aortic-balloon-pump-and-revasculari","0","evidence_consistency: The question tests management but the linked guideline excerpt addresses a different type of claim."
"paper-mcq:collapse-syncope-and-cardiac-arrest-algorithms","1","evidence_consistency: Low textual support from the linked guideline excerpt for the keyed option/explanation (content overlap 5%). The question tests management but the linked guideline excerpt addresses a different type of claim."
"guideline-mcq:cardiopulmonary-resuscitation-in-the-icu-post-cardiac-arrest-care-targeted-temperature-management","0","evidence_consistency: Reference year(s) do not match the linked guideline excerpt (2020, 2021 vs 2024)."
"guideline-mcq:cardiopulmonary-resuscitation-in-the-icu-post-cardiac-arrest-care-targeted-temperature-management","1","evidence_consistency: Low textual support from the linked guideline excerpt for the keyed option/explanation (content overlap 5%). The question tests management but the linked guideline excerpt addresses a different type of claim. Reference year(s) do not match the linked guideline excerpt (2020 vs 2024)."
"guideline-mcq:cardiopulmonary-resuscitation-in-the-icu-post-cardiac-arrest-care-targeted-temperature-management","2","evidence_consistency: Low textual support from the linked guideline excerpt for the keyed option/explanation (content overlap 7%). Numeric recommendation absent from the linked guideline excerpt: 24 hours. Reference year(s) do not match the linked guideline excerpt (2020 vs 2024)."
"guideline-mcq:cardiopulmonary-resuscitation-in-the-icu-post-cardiac-arrest-care-targeted-temperature-management","3","evidence_consistency: Reference year(s) do not match the linked guideline excerpt (2020 vs 2024)."
"paper-mcq:cardiovascular-outcomes-in-diabetes-sglt2i-and-glp-1-agonist-trial-evidence","0","evidence_consistency: The question tests management but the linked guideline excerpt addresses a different type of claim."
"paper-mcq:cardiovascular-outcomes-in-diabetes-sglt2i-and-glp-1-agonist-trial-evidence","3","evidence_consistency: Low textual support from the linked guideline excerpt for the keyed option/explanation (content overlap 0%). The question tests management, prognosis but the linked guideline excerpt addresses a different type of claim."
"paper-mcq:cardiovascular-outcomes-in-diabetes-sglt2i-and-glp-1-agonist-trial-evidence","4","evidence_consistency: The question tests prognosis but the linked guideline excerpt addresses a different type of claim."
"guideline-mcq:cardiovascular-outcomes-in-diabetes-sglt2i-and-glp-1-agonist-trial-evidence","3","evidence_consistency: Low textual support from the linked guideline excerpt for the keyed option/explanation (content overlap 10%). The question tests management but the linked guideline excerpt addresses a different type of claim. Reference year(s) do not match the linked guideline excerpt (2023 vs 2021)."
"guideline-mcq:carotid-and-vertebral-artery-dissection-antiplatelets-vs-anticoagulation-paradigms","3","evidence_consistency: The question tests management but the linked guideline excerpt addresses a different type of claim."
"paper-mcq:carpal-tunnel-syndrome-median-nerve-compression-phalen-emg-conservative-vs-surgical","2","evidence_consistency: Low textual support from the linked guideline excerpt for the keyed option/explanation (content overlap 5%)."
"paper-mcq:carpal-tunnel-syndrome-median-nerve-compression-phalen-emg-conservative-vs-surgical","4","evidence_consistency: Low textual support from the linked guideline excerpt for the keyed option/explanation (content overlap 14%)."
"paper-mcq:carpal-tunnel-syndrome-diagnosis-and-management","0","evidence_consistency: Low textual support from the linked guideline excerpt for the keyed option/explanation (content overlap 10%)."
"paper-mcq:carpal-tunnel-syndrome-diagnosis-and-management","1","evidence_consistency: Low textual support from the linked guideline excerpt for the keyed option/explanation (content overlap 6%). Numeric recommendation absent from the linked guideline excerpt: 12 months, 3 months, 6 months."
"paper-mcq:carpal-tunnel-syndrome-median-nerve-compression-phalen-emg-conservative-vs-surgical","0","evidence_consistency: Low textual support from the linked guideline excerpt for the keyed option/explanation (content overlap 10%)."
"paper-mcq:carpal-tunnel-syndrome-median-nerve-compression-phalen-emg-conservative-vs-surgical","1","evidence_consistency: Low textual support from the linked guideline excerpt for the keyed option/explanation (content overlap 14%)."
"paper-mcq:carpal-tunnel-syndrome-median-nerve-compression-phalen-emg-conservative-vs-surgical","3","evidence_consistency: Low textual support from the linked guideline excerpt for the keyed option/explanation (content overlap 9%)."
"guideline-mcq:entrapment-neuropathies-carpal-tunnel-cubital-tunnel-peroneal-nerve-compression","0","evidence_consistency: The question tests diagnosis but the linked guideline excerpt addresses a different type of claim."
"paper-mcq:carpal-tunnel-syndrome-diagnosis-and-management","2","evidence_consistency: Low textual support from the linked guideline excerpt for the keyed option/explanation (content overlap 6%)."
"guideline-mcq:carpal-tunnel-syndrome-median-nerve-compression-phalen-emg-conservative-vs-surgical","1","evidence_consistency: Reference year(s) do not match the linked guideline excerpt (2014 vs 2023, 2025)."
"guideline-mcq:carpal-tunnel-syndrome-median-nerve-compression-phalen-emg-conservative-vs-surgical","2","evidence_consistency: Low textual support from the linked guideline excerpt for the keyed option/explanation (content overlap 12%). Reference year(s) do not match the linked guideline excerpt (2016 vs 2021, 2023)."
"guideline-mcq:carpal-tunnel-syndrome-median-nerve-compression-phalen-emg-conservative-vs-surgical","3","evidence_consistency: Low textual support from the linked guideline excerpt for the keyed option/explanation (content overlap 14%). Reference year(s) do not match the linked guideline excerpt (2011 vs 2021, 2023)."
"cold-start-mcq:prostate-cancer","2","evidence_consistency: Low textual support from the linked guideline excerpt for the keyed option/explanation (content overlap 0%)."
"guideline-mcq:castration-resistant-prostate-cancer","0","evidence_consistency: Low textual support from the linked guideline excerpt for the keyed option/explanation (content overlap 10%)."
"guideline-mcq:castration-resistant-prostate-cancer","1","evidence_consistency: Low textual support from the linked guideline excerpt for the keyed option/explanation (content overlap 14%). The question tests management but the linked guideline excerpt addresses a different type of claim. Numeric recommendation absent from the linked guideline excerpt: 10 months."
"guideline-mcq:castration-resistant-prostate-cancer","2","evidence_consistency: Low textual support from the linked guideline excerpt for the keyed option/explanation (content overlap 5%)."
"guideline-mcq:castration-resistant-prostate-cancer","3","evidence_consistency: Low textual support from the linked guideline excerpt for the keyed option/explanation (content overlap 10%). The question tests diagnosis but the linked guideline excerpt addresses a different type of claim."
"paper-mcq:precision-oncology-msi-h","2","evidence_consistency: Low textual support from the linked guideline excerpt for the keyed option/explanation (content overlap 16%)."
"paper-mcq:castration-resistant-prostate-cancer","1","evidence_consistency: The explanation admits inference, extrapolation, or incomplete source support."
"paper-mcq:castration-resistant-prostate-cancer","2","evidence_consistency: Low textual support from the linked guideline excerpt for the keyed option/explanation (content overlap 13%). Numeric recommendation absent from the linked guideline excerpt: 10 months."
"paper-mcq:castration-resistant-prostate-cancer","3","evidence_consistency: Low textual support from the linked guideline excerpt for the keyed option/explanation (content overlap 14%). The question tests management but the linked guideline excerpt addresses a different type of claim."
"guideline-mcq:Metastatic-castration-resistant-prostate-cancer-therapy","2","evidence_consistency: Low textual support from the linked guideline excerpt for the keyed option/explanation (content overlap 7%)."
"guideline-mcq:Metastatic-castration-sensitive-prostate-cancer","1","evidence_consistency: The question tests diagnosis, management but the linked guideline excerpt addresses a different type of claim."
"guideline-mcq:catheter-associated-thrombosis","0","evidence_consistency: Low textual support from the linked guideline excerpt for the keyed option/explanation (content overlap 13%). Numeric recommendation absent from the linked guideline excerpt: 24 hours."
"paper-mcq:catheter-associated-thrombosis","0","evidence_consistency: Low textual support from the linked guideline excerpt for the keyed option/explanation (content overlap 4%). Numeric recommendation absent from the linked guideline excerpt: 3 months."
"paper-mcq:catheter-associated-thrombosis","1","evidence_consistency: Low textual support from the linked guideline excerpt for the keyed option/explanation (content overlap 5%). The question tests prognosis but the linked guideline excerpt addresses a different type of claim."
"paper-mcq:catheter-associated-thrombosis","2","evidence_consistency: Low textual support from the linked guideline excerpt for the keyed option/explanation (content overlap 8%)."
"paper-mcq:catheter-associated-thrombosis","3","evidence_consistency: Low textual support from the linked guideline excerpt for the keyed option/explanation (content overlap 5%)."
"cold-start-mcq:low-back-pain","1","evidence_consistency: Low textual support from the linked guideline excerpt for the keyed option/explanation (content overlap 6%). The question tests screening but the linked guideline excerpt addresses a different type of claim."
"guideline-mcq:Celiac-disease-diagnosis-and-monitoring","1","evidence_consistency: Low textual support from the linked guideline excerpt for the keyed option/explanation (content overlap 0%)."
"guideline-mcq:Celiac-disease-diagnosis-and-monitoring","2","evidence_consistency: Low textual support from the linked guideline excerpt for the keyed option/explanation (content overlap 4%). Numeric recommendation absent from the linked guideline excerpt: 12 months."
"cold-start-mcq:cellulitis","0","evidence_consistency: The question tests management, screening but the linked guideline excerpt addresses a different type of claim."
"cold-start-mcq:cellulitis","1","evidence_consistency: Low textual support from the linked guideline excerpt for the keyed option/explanation (content overlap 7%)."
"cold-start-mcq:cellulitis","2","evidence_consistency: Low textual support from the linked guideline excerpt for the keyed option/explanation (content overlap 3%)."
"guideline-mcq:antimicrobial-stewardship-program-implementation","0","evidence_consistency: The question tests management but the linked guideline excerpt addresses a different type of claim."
"guideline-mcq:erysipelas","2","evidence_consistency: Low textual support from the linked guideline excerpt for the keyed option/explanation (content overlap 14%)."
"guideline-mcq:erysipelas","4","evidence_consistency: Low textual support from the linked guideline excerpt for the keyed option/explanation (content overlap 5%). Reference year(s) do not match the linked guideline excerpt (2024 vs 2022)."
"paper-mcq:cellulitis-and-skin-and-soft-tissue-infections-eron-classification-mrsa-risk-treatment-duration","2","evidence_consistency: Low textual support from the linked guideline excerpt for the keyed option/explanation (content overlap 6%)."
"cold-start-mcq:skin-and-soft-tissue-infection-antibiotic-strategy","4","evidence_consistency: Low textual support from the linked guideline excerpt for the keyed option/explanation (content overlap 15%)."
"guideline-mcq:Skin-and-soft-tissue-infection-antibiotic-strategy","0","evidence_consistency: Low textual support from the linked guideline excerpt for the keyed option/explanation (content overlap 13%)."
"paper-mcq:cellulitis-erysipelas-and-mimics","1","evidence_consistency: Low textual support from the linked guideline excerpt for the keyed option/explanation (content overlap 15%)."
"cold-start-mcq:skin-and-soft-tissue-infection-antibiotic-strategy","0","evidence_consistency: Low textual support from the linked guideline excerpt for the keyed option/explanation (content overlap 8%)."
"paper-mcq:cellulitis-erysipelas-and-mimics","2","evidence_consistency: Low textual support from the linked guideline excerpt for the keyed option/explanation (content overlap 7%). The question tests diagnosis but the linked guideline excerpt addresses a different type of claim."
"guideline-mcq:haemodialysis-complications","3","evidence_consistency: The question tests prognosis but the linked guideline excerpt addresses a different type of claim."
"guideline-mcq:central-line-associated-bloodstream-infection-clabsi-prevention-and-management","0","evidence_consistency: Low textual support from the linked guideline excerpt for the keyed option/explanation (content overlap 0%)."
"guideline-mcq:Central-line-associated-bloodstream-infection-prevention-in-","0","evidence_consistency: Low textual support from the linked guideline excerpt for the keyed option/explanation (content overlap 11%). The question tests prognosis, screening but the linked guideline excerpt addresses a different type of claim."
"paper-mcq:central-line-associated-bloodstream-infection-clabsi-prevention-bundles-diagnosis-treatment","2","evidence_consistency: Low textual support from the linked guideline excerpt for the keyed option/explanation (content overlap 11%)."
"paper-mcq:central-line-associated-bloodstream-infection-clabsi-prevention-bundles-diagnosis-treatment","4","evidence_consistency: Low textual support from the linked guideline excerpt for the keyed option/explanation (content overlap 14%). The question tests dose but the linked guideline excerpt addresses a different type of claim."
"guideline-mcq:central-line-associated-bloodstream-infection-clabsi-prevention-bundles-diagnosis-treatment","0","evidence_consistency: Low textual support from the linked guideline excerpt for the keyed option/explanation (content overlap 7%). The question tests diagnosis but the linked guideline excerpt addresses a different type of claim. Numeric recommendation absent from the linked guideline excerpt: 2 hours."
"guideline-mcq:central-line-associated-bloodstream-infection-clabsi-prevention-bundles-diagnosis-treatment","1","evidence_consistency: Low textual support from the linked guideline excerpt for the keyed option/explanation (content overlap 2%). The question tests diagnosis, management but the linked guideline excerpt addresses a different type of claim."
"guideline-mcq:central-line-associated-bloodstream-infection-clabsi-prevention-bundles-diagnosis-treatment","2","evidence_consistency: Low textual support from the linked guideline excerpt for the keyed option/explanation (content overlap 6%). The question tests prognosis but the linked guideline excerpt addresses a different type of claim."
"guideline-mcq:central-line-associated-bloodstream-infection-clabsi-prevention-bundles-diagnosis-treatment","3","evidence_consistency: Low textual support from the linked guideline excerpt for the keyed option/explanation (content overlap 14%). Numeric recommendation absent from the linked guideline excerpt: 14 days."
"guideline-mcq:haemodialysis-complications","0","evidence_consistency: The question tests management but the linked guideline excerpt addresses a different type of claim."
"guideline-mcq:esbl-enterobacterales-bloodstream-infection-therapy","2","evidence_consistency: Low textual support from the linked guideline excerpt for the keyed option/explanation (content overlap 16%). The question tests management but the linked guideline excerpt addresses a different type of claim."
"guideline-mcq:gram-negative-bloodstream-infection-duration","2","evidence_consistency: The question tests management but the linked guideline excerpt addresses a different type of claim."
"guideline-mcq:skin-and-soft-tissue-infection-antibiotic-strategy","1","evidence_consistency: The question tests management but the linked guideline excerpt addresses a different type of claim."
"guideline-mcq:quality-improvement-and-patient-safety-in-the-icu-checklists-daily-goals-handover","3","evidence_consistency: Low textual support from the linked guideline excerpt for the keyed option/explanation (content overlap 3%). The question tests management but the linked guideline excerpt addresses a different type of claim."
"guideline-mcq:Central-line-associated-bloodstream-infection-prevention-in-","1","evidence_consistency: Low textual support from the linked guideline excerpt for the keyed option/explanation (content overlap 0%). The question tests management but the linked guideline excerpt addresses a different type of claim."
"guideline-mcq:Central-line-associated-bloodstream-infection-prevention-in-","2","evidence_consistency: Low textual support from the linked guideline excerpt for the keyed option/explanation (content overlap 0%)."
"guideline-mcq:central-line-associated-bloodstream-infection-prevention-in-icu","0","evidence_consistency: Low textual support from the linked guideline excerpt for the keyed option/explanation (content overlap 4%). The question tests management but the linked guideline excerpt addresses a different type of claim. Reference year(s) do not match the linked guideline excerpt (2003 vs 2015, 2020, 2024)."
"guideline-mcq:central-line-associated-bloodstream-infection-prevention-in-icu","1","evidence_consistency: Low textual support from the linked guideline excerpt for the keyed option/explanation (content overlap 8%). Reference year(s) do not match the linked guideline excerpt (2003, 2012 vs 2015, 2020, 2024)."
"guideline-mcq:central-line-associated-bloodstream-infection-prevention-in-icu","2","evidence_consistency: Low textual support from the linked guideline excerpt for the keyed option/explanation (content overlap 0%). Reference year(s) do not match the linked guideline excerpt (2003 vs 2015, 2020, 2024)."
"guideline-mcq:central-line-associated-bloodstream-infection-prevention-in-icu","3","evidence_consistency: Low textual support from the linked guideline excerpt for the keyed option/explanation (content overlap 4%). Reference year(s) do not match the linked guideline excerpt (2003 vs 2015, 2020, 2024)."
"guideline-mcq:central-nervous-system-vasculitis-pacns-digital-subtraction-angiography-cyclophosphamide-regimens","0","evidence_consistency: Low textual support from the linked guideline excerpt for the keyed option/explanation (content overlap 4%). The question tests dose, management but the linked guideline excerpt addresses a different type of claim."
"guideline-mcq:central-nervous-system-vasculitis-pacns-digital-subtraction-angiography-cyclophosphamide-regimens","3","evidence_consistency: Low textual support from the linked guideline excerpt for the keyed option/explanation (content overlap 13%). The question tests management but the linked guideline excerpt addresses a different type of claim."
"guideline-mcq:central-sleep-apnea-and-cheyne-stokes-respiration","2","evidence_consistency: Reference year(s) do not match the linked guideline excerpt (2012 vs 2013, 2016)."
"guideline-mcq:cerebral-amyloid-angiopathy-caa-microbleeds-lobar-haemorrhages-diagnostic-criteria","0","evidence_consistency: Numeric recommendation absent from the linked guideline excerpt: 4 weeks."
"guideline-mcq:cerebral-amyloid-angiopathy-caa-microbleeds-lobar-haemorrhages-diagnostic-criteria","3","evidence_consistency: Low textual support from the linked guideline excerpt for the keyed option/explanation (content overlap 7%). The question tests diagnosis but the linked guideline excerpt addresses a different type of claim."
"guideline-mcq:cerebral-venous-sinus-thrombosis-cvst-risk-factors-anticoagulation-choices","1","evidence_consistency: The question tests diagnosis, management but the linked guideline excerpt addresses a different type of claim."
"guideline-mcq:cerebral-venous-sinus-thrombosis-cvst-risk-factors-anticoagulation-choices","2","evidence_consistency: The question tests diagnosis but the linked guideline excerpt addresses a different type of claim."
"guideline-mcq:cerebral-venous-sinus-thrombosis-cvst-risk-factors-anticoagulation-choices","3","evidence_consistency: The question tests management but the linked guideline excerpt addresses a different type of claim."
"guideline-mcq:prothrombin-g20210a-mutation","0","evidence_consistency: Low textual support from the linked guideline excerpt for the keyed option/explanation (content overlap 10%)."
"guideline-mcq:prothrombin-g20210a-mutation","2","evidence_consistency: Low textual support from the linked guideline excerpt for the keyed option/explanation (content overlap 7%)."
"guideline-mcq:Cerebral-venous-thrombosis-anticoagulation","0","evidence_consistency: Low textual support from the linked guideline excerpt for the keyed option/explanation (content overlap 9%)."
"guideline-mcq:Cerebral-venous-thrombosis-anticoagulation","1","evidence_consistency: Numeric recommendation absent from the linked guideline excerpt: 12 months, 3 months."
"guideline-mcq:Cerebral-venous-thrombosis-anticoagulation","2","evidence_consistency: Low textual support from the linked guideline excerpt for the keyed option/explanation (content overlap 10%). The question tests prognosis but the linked guideline excerpt addresses a different type of claim."
"cold-start-mcq:sciatica","3","evidence_consistency: Low textual support from the linked guideline excerpt for the keyed option/explanation (content overlap 3%). Numeric recommendation absent from the linked guideline excerpt: 12 months."
"cold-start-mcq:seizures","4","evidence_consistency: Low textual support from the linked guideline excerpt for the keyed option/explanation (content overlap 3%)."
"cold-start-mcq:peripheral-neuropathy","2","evidence_consistency: Low textual support from the linked guideline excerpt for the keyed option/explanation (content overlap 4%)."
"guideline-mcq:charcot-marie-tooth-disease-cmt1a-duplication-nerve-conduction-patterns","3","evidence_consistency: Low textual support from the linked guideline excerpt for the keyed option/explanation (content overlap 8%)."
"guideline-mcq:checkpoint-inhibitor-myocarditis","0","evidence_consistency: Low textual support from the linked guideline excerpt for the keyed option/explanation (content overlap 12%)."
"guideline-mcq:checkpoint-inhibitor-myocarditis","1","evidence_consistency: The question tests management but the linked guideline excerpt addresses a different type of claim."
"guideline-mcq:checkpoint-inhibitor-myocarditis","2","evidence_consistency: The question tests diagnosis, management, prognosis but the linked guideline excerpt addresses a different type of claim."
"guideline-mcq:nonspecific-interstitial-pneumonia","2","evidence_consistency: Low textual support from the linked guideline excerpt for the keyed option/explanation (content overlap 12%). The question tests management but the linked guideline excerpt addresses a different type of claim. Reference year(s) do not match the linked guideline excerpt (2020 vs 2021, 2023)."
"cold-start-mcq:immune-checkpoint-inhibitor-kidney-injury","3","evidence_consistency: Low textual support from the linked guideline excerpt for the keyed option/explanation (content overlap 10%)."
"cold-start-mcq:toxic-epidermal-necrolysis","3","evidence_consistency: Low textual support from the linked guideline excerpt for the keyed option/explanation (content overlap 6%). The question tests diagnosis, management but the linked guideline excerpt addresses a different type of claim."
"guideline-mcq:chemotherapy-extravasation","1","evidence_consistency: The question tests diagnosis, management but the linked guideline excerpt addresses a different type of claim."
"guideline-mcq:chemotherapy-extravasation","2","evidence_consistency: The question tests management but the linked guideline excerpt addresses a different type of claim."
"guideline-mcq:chemotherapy-induced-nausea-and-vomiting","0","evidence_consistency: Low textual support from the linked guideline excerpt for the keyed option/explanation (content overlap 12%)."
"guideline-mcq:chemotherapy-induced-nausea-and-vomiting","1","evidence_consistency: The explanation admits inference, extrapolation, or incomplete source support. Low textual support from the linked guideline excerpt for the keyed option/explanation (content overlap 5%)."
"guideline-mcq:chemotherapy-induced-nausea-and-vomiting","2","evidence_consistency: Low textual support from the linked guideline excerpt for the keyed option/explanation (content overlap 11%)."
"guideline-mcq:chemotherapy-induced-nausea-and-vomiting","3","evidence_consistency: Low textual support from the linked guideline excerpt for the keyed option/explanation (content overlap 14%)."
"guideline-mcq:chemotherapy-induced-nausea-antiemetic-prophylaxis","3","evidence_consistency: Low textual support from the linked guideline excerpt for the keyed option/explanation (content overlap 12%). Numeric recommendation absent from the linked guideline excerpt: 0.5 mg."
"cold-start-mcq:chemotherapy-induced-nausea-antiemetic-prophylaxis","1","evidence_consistency: Low textual support from the linked guideline excerpt for the keyed option/explanation (content overlap 6%)."
"cold-start-mcq:acute-coronary-syndrome-diagnosis-and-management","0","evidence_consistency: Low textual support from the linked guideline excerpt for the keyed option/explanation (content overlap 6%)."
"cold-start-mcq:chest-pain-ed","0","evidence_consistency: Low textual support from the linked guideline excerpt for the keyed option/explanation (content overlap 7%). Numeric recommendation absent from the linked guideline excerpt: 3 hours."
"cold-start-mcq:chest-pain-ed","1","evidence_consistency: The question tests management but the linked guideline excerpt addresses a different type of claim."
"cold-start-mcq:chest-pain-ed","3","evidence_consistency: Low textual support from the linked guideline excerpt for the keyed option/explanation (content overlap 2%). Numeric recommendation absent from the linked guideline excerpt: 6 months, 8 months."
"cold-start-mcq:chest-pain-ed","4","evidence_consistency: Low textual support from the linked guideline excerpt for the keyed option/explanation (content overlap 12%). Numeric recommendation absent from the linked guideline excerpt: 3 hours."
"guideline-mcq:acute-myocarditis-dallas-criteria-cardiac-mri-immunosuppression-indications","2","evidence_consistency: Low textual support from the linked guideline excerpt for the keyed option/explanation (content overlap 5%)."
"cold-start-mcq:myocardial-infarction","4","evidence_consistency: Low textual support from the linked guideline excerpt for the keyed option/explanation (content overlap 2%). The question tests management but the linked guideline excerpt addresses a different type of claim. Numeric recommendation absent from the linked guideline excerpt: 1 hour, 3 hour, 3 hours."
"guideline-mcq:tranexamic-acid-and-damage-control-resuscitation-in-trauma","1","evidence_consistency: Low textual support from the linked guideline excerpt for the keyed option/explanation (content overlap 8%). Reference year(s) do not match the linked guideline excerpt (2016 vs 2004)."
"paper-mcq:wellens-syndrome-and-left-main-equivalent-ecg-patterns","1","evidence_consistency: Low textual support from the linked guideline excerpt for the keyed option/explanation (content overlap 5%). The question tests management but the linked guideline excerpt addresses a different type of claim."
"paper-mcq:chest-pain-assessment-in-the-ed","0","evidence_consistency: Low textual support from the linked guideline excerpt for the keyed option/explanation (content overlap 3%). The question tests management but the linked guideline excerpt addresses a different type of claim."
"paper-mcq:chest-pain-assessment-in-the-ed","1","evidence_consistency: Low textual support from the linked guideline excerpt for the keyed option/explanation (content overlap 3%)."
"paper-mcq:chest-pain-assessment-in-the-ed","2","evidence_consistency: Low textual support from the linked guideline excerpt for the keyed option/explanation (content overlap 15%)."
"paper-mcq:chest-pain-assessment-in-the-ed","3","evidence_consistency: Low textual support from the linked guideline excerpt for the keyed option/explanation (content overlap 5%)."
"paper-mcq:chest-pain-assessment-in-the-ed","4","evidence_consistency: Low textual support from the linked guideline excerpt for the keyed option/explanation (content overlap 9%)."
"cold-start-mcq:acs-management","1","evidence_consistency: Low textual support from the linked guideline excerpt for the keyed option/explanation (content overlap 4%). The question tests management but the linked guideline excerpt addresses a different type of claim."
"cold-start-mcq:acs-management","3","evidence_consistency: Low textual support from the linked guideline excerpt for the keyed option/explanation (content overlap 4%)."
"guideline-mcq:Ischaemic-heart-disease-and-acute-coronary-syndromes","2","evidence_consistency: Low textual support from the linked guideline excerpt for the keyed option/explanation (content overlap 14%)."
"paper-mcq:cholangiocarcinoma","0","evidence_consistency: Low textual support from the linked guideline excerpt for the keyed option/explanation (content overlap 7%)."
"paper-mcq:cholangiocarcinoma","1","evidence_consistency: Low textual support from the linked guideline excerpt for the keyed option/explanation (content overlap 5%)."
"paper-mcq:cholangiocarcinoma","2","evidence_consistency: Low textual support from the linked guideline excerpt for the keyed option/explanation (content overlap 15%)."
"paper-mcq:cholangiocarcinoma","3","evidence_consistency: Low textual support from the linked guideline excerpt for the keyed option/explanation (content overlap 12%)."
"guideline-mcq:cholangiocarcinoma","1","evidence_consistency: Low textual support from the linked guideline excerpt for the keyed option/explanation (content overlap 15%)."
"guideline-mcq:cholangiocarcinoma","2","evidence_consistency: Low textual support from the linked guideline excerpt for the keyed option/explanation (content overlap 8%)."
"guideline-mcq:cholangiocarcinoma","3","evidence_consistency: Low textual support from the linked guideline excerpt for the keyed option/explanation (content overlap 9%). Reference year(s) do not match the linked guideline excerpt (2020 vs 2023, 2025)."
"guideline-mcq:Cholangiocarcinoma-systemic-therapy","1","evidence_consistency: Low textual support from the linked guideline excerpt for the keyed option/explanation (content overlap 14%)."
"guideline-mcq:Cholangiocarcinoma-systemic-therapy","2","evidence_consistency: Low textual support from the linked guideline excerpt for the keyed option/explanation (content overlap 0%)."
"guideline-mcq:acute-cholecystitis-and-ascending-cholangitis-tokyo-guidelines-management","1","evidence_consistency: Low textual support from the linked guideline excerpt for the keyed option/explanation (content overlap 6%). The question tests dose, management but the linked guideline excerpt addresses a different type of claim."
"guideline-mcq:acute-cholecystitis-and-ascending-cholangitis-tokyo-guidelines-management","2","evidence_consistency: Low textual support from the linked guideline excerpt for the keyed option/explanation (content overlap 3%)."
"guideline-mcq:acute-cholecystitis-and-ascending-cholangitis-tokyo-guidelines-management","3","evidence_consistency: Low textual support from the linked guideline excerpt for the keyed option/explanation (content overlap 16%)."
"guideline-mcq:choledocholithiasis-and-acute-cholangitis","0","evidence_consistency: Low textual support from the linked guideline excerpt for the keyed option/explanation (content overlap 5%). The question tests dose but the linked guideline excerpt addresses a different type of claim."
"guideline-mcq:choledocholithiasis-and-acute-cholangitis","3","evidence_consistency: The question tests diagnosis but the linked guideline excerpt addresses a different type of claim."
"guideline-mcq:choledocholithiasis","0","evidence_consistency: Reference year(s) do not match the linked guideline excerpt (2019 vs 2022)."
"guideline-mcq:choledocholithiasis","1","evidence_consistency: Reference year(s) do not match the linked guideline excerpt (2019 vs 2022)."
"guideline-mcq:choledocholithiasis","3","evidence_consistency: Reference year(s) do not match the linked guideline excerpt (2019 vs 2022)."
"cold-start-mcq:acute-cholecystitis","1","evidence_consistency: Low textual support from the linked guideline excerpt for the keyed option/explanation (content overlap 0%)."
"guideline-mcq:Choledocholithiasis-and-acute-cholangitis-endoscopy","0","evidence_consistency: The question tests diagnosis, management but the linked guideline excerpt addresses a different type of claim."
"guideline-mcq:Choledocholithiasis-and-acute-cholangitis-endoscopy","1","evidence_consistency: Low textual support from the linked guideline excerpt for the keyed option/explanation (content overlap 7%)."
"guideline-mcq:Choledocholithiasis-and-acute-cholangitis-endoscopy","2","evidence_consistency: Low textual support from the linked guideline excerpt for the keyed option/explanation (content overlap 15%). The question tests management but the linked guideline excerpt addresses a different type of claim."
"guideline-mcq:cholelithiasis-and-biliary-colic","0","evidence_consistency: The question tests diagnosis, management but the linked guideline excerpt addresses a different type of claim."
"guideline-mcq:cholelithiasis-and-biliary-colic","1","evidence_consistency: The question tests diagnosis, management but the linked guideline excerpt addresses a different type of claim."
"paper-mcq:cholelithiasis-and-biliary-colic","0","evidence_consistency: Numeric recommendation absent from the linked guideline excerpt: 10 years, 2 years, 4 years."
"paper-mcq:cholelithiasis-and-biliary-colic","1","evidence_consistency: Low textual support from the linked guideline excerpt for the keyed option/explanation (content overlap 0%). Numeric recommendation absent from the linked guideline excerpt: 10 years."
"paper-mcq:cholelithiasis-and-biliary-colic","2","evidence_consistency: Low textual support from the linked guideline excerpt for the keyed option/explanation (content overlap 4%)."
"paper-mcq:cholelithiasis-and-biliary-colic","3","evidence_consistency: Low textual support from the linked guideline excerpt for the keyed option/explanation (content overlap 8%). Numeric recommendation absent from the linked guideline excerpt: 10 years."
"guideline-mcq:cholera-and-vibrio-infections-oral-rehydration-doxycycline-epidemic-control-vaccination","0","evidence_consistency: Low textual support from the linked guideline excerpt for the keyed option/explanation (content overlap 3%). The question tests diagnosis, dose, management but the linked guideline excerpt addresses a different type of claim."
"guideline-mcq:cholera-and-vibrio-infections-oral-rehydration-doxycycline-epidemic-control-vaccination","2","evidence_consistency: The question tests diagnosis but the linked guideline excerpt addresses a different type of claim."
"guideline-mcq:cholera-and-vibrio-infections-oral-rehydration-doxycycline-epidemic-control-vaccination","3","evidence_consistency: The question tests diagnosis, prognosis but the linked guideline excerpt addresses a different type of claim."
"paper-mcq:cirt-and-cantos-trials-methotrexate-and-canakinumab-for-cardiovascular-inflammation","2","evidence_consistency: Low textual support from the linked guideline excerpt for the keyed option/explanation (content overlap 11%)."
"guideline-mcq:chronic-allograft-dysfunction","0","evidence_consistency: The question tests dose but the linked guideline excerpt addresses a different type of claim. Numeric recommendation absent from the linked guideline excerpt: 25 kg, 32 kg."
"guideline-mcq:chronic-allograft-dysfunction","3","evidence_consistency: The question tests dose but the linked guideline excerpt addresses a different type of claim."
"guideline-mcq:chronic-aortic-regurgitation-surveillance-intervals-and-surgical-timing","0","evidence_consistency: The question tests diagnosis, screening but the linked guideline excerpt addresses a different type of claim. Numeric recommendation absent from the linked guideline excerpt: 5 years. Reference year(s) do not match the linked guideline excerpt (2020 vs 2012, 2022)."
"guideline-mcq:chronic-aortic-regurgitation-surveillance-intervals-and-surgical-timing","1","evidence_consistency: Numeric recommendation absent from the linked guideline excerpt: 50 mm, 70 mm. Reference year(s) do not match the linked guideline excerpt (2020 vs 2012, 2022)."
"guideline-mcq:chronic-aortic-regurgitation-surveillance-intervals-and-surgical-timing","2","evidence_consistency: Reference year(s) do not match the linked guideline excerpt (2020 vs 2012, 2022)."
"guideline-mcq:chronic-aortic-regurgitation-surveillance-intervals-and-surgical-timing","3","evidence_consistency: Low textual support from the linked guideline excerpt for the keyed option/explanation (content overlap 6%). Numeric recommendation absent from the linked guideline excerpt: 48 mm, 50 mm. Reference year(s) do not match the linked guideline excerpt (2020 vs 2012, 2022)."
"cold-start-mcq:chronic-asthma","1","evidence_consistency: Low textual support from the linked guideline excerpt for the keyed option/explanation (content overlap 9%)."
"cold-start-mcq:chronic-asthma","3","evidence_consistency: Low textual support from the linked guideline excerpt for the keyed option/explanation (content overlap 4%)."
"cold-start-mcq:childhood-asthma","0","evidence_consistency: Low textual support from the linked guideline excerpt for the keyed option/explanation (content overlap 6%)."
"cold-start-mcq:childhood-asthma","2","evidence_consistency: Low textual support from the linked guideline excerpt for the keyed option/explanation (content overlap 2%)."
"cold-start-mcq:childhood-asthma","3","evidence_consistency: Low textual support from the linked guideline excerpt for the keyed option/explanation (content overlap 6%)."
"cold-start-mcq:childhood-asthma","4","evidence_consistency: Low textual support from the linked guideline excerpt for the keyed option/explanation (content overlap 2%)."
"guideline-mcq:acute-severe-asthma","2","evidence_consistency: Low textual support from the linked guideline excerpt for the keyed option/explanation (content overlap 7%). The question tests diagnosis, management but the linked guideline excerpt addresses a different type of claim."
"guideline-mcq:chronic-coronary-syndrome-stable-angina-assessment-and-revascularisation-decisions","3","evidence_consistency: Low textual support from the linked guideline excerpt for the keyed option/explanation (content overlap 10%)."
"guideline-mcq:Chronic-cough-evaluation-and-empiric-therapy","1","evidence_consistency: Low textual support from the linked guideline excerpt for the keyed option/explanation (content overlap 0%)."
"guideline-mcq:Chronic-cough-evaluation-and-empiric-therapy","2","evidence_consistency: Low textual support from the linked guideline excerpt for the keyed option/explanation (content overlap 0%)."
"guideline-mcq:chronic-inflammatory-demyelinating-polyradiculoneuropathy-cidp-electrodiagnostic-criteria-maintenance-therapies","2","evidence_consistency: The explanation admits inference, extrapolation, or incomplete source support."
"guideline-mcq:Chronic-inflammatory-demyelinating-polyneuropathy-treatment","1","evidence_consistency: Low textual support from the linked guideline excerpt for the keyed option/explanation (content overlap 11%)."
"cold-start-mcq:atrial-fibrillation-anticoagulation-chronic-kidney-disease-stroke-prevention","0","evidence_consistency: Low textual support from the linked guideline excerpt for the keyed option/explanation (content overlap 16%)."
"cold-start-mcq:ckd-referral-thresholds","0","evidence_consistency: Low textual support from the linked guideline excerpt for the keyed option/explanation (content overlap 14%)."
"cold-start-mcq:ckd-referral-thresholds","4","evidence_consistency: Low textual support from the linked guideline excerpt for the keyed option/explanation (content overlap 3%). The question tests management, prognosis but the linked guideline excerpt addresses a different type of claim."
"guideline-mcq:ckd-and-ischaemic-heart-disease-contrast-nephropathy-antiplatelet-choices","3","evidence_consistency: Low textual support from the linked guideline excerpt for the keyed option/explanation (content overlap 9%). Numeric recommendation absent from the linked guideline excerpt: 20 mL."
"paper-mcq:canagliflozin-renal-outcomes-type-2-diabetes-nephropathy","0","evidence_consistency: The question tests prognosis but the linked guideline excerpt addresses a different type of claim."
"paper-mcq:canagliflozin-renal-outcomes-type-2-diabetes-nephropathy","1","evidence_consistency: The question tests prognosis but the linked guideline excerpt addresses a different type of claim. Numeric recommendation absent from the linked guideline excerpt: 30 mL."
"paper-mcq:canagliflozin-renal-outcomes-type-2-diabetes-nephropathy","2","evidence_consistency: Low textual support from the linked guideline excerpt for the keyed option/explanation (content overlap 6%)."
"paper-mcq:canagliflozin-renal-outcomes-type-2-diabetes-nephropathy","3","evidence_consistency: The question tests prognosis, screening but the linked guideline excerpt addresses a different type of claim."
"paper-mcq:canagliflozin-renal-outcomes-type-2-diabetes-nephropathy","4","evidence_consistency: Low textual support from the linked guideline excerpt for the keyed option/explanation (content overlap 15%). Numeric recommendation absent from the linked guideline excerpt: 30 mL."
"paper-mcq:empagliflozin-chronic-kidney-disease-progression","0","evidence_consistency: Low textual support from the linked guideline excerpt for the keyed option/explanation (content overlap 0%)."
"paper-mcq:empagliflozin-chronic-kidney-disease-progression","1","evidence_consistency: Low textual support from the linked guideline excerpt for the keyed option/explanation (content overlap 0%)."
"paper-mcq:empagliflozin-chronic-kidney-disease-progression","2","evidence_consistency: Low textual support from the linked guideline excerpt for the keyed option/explanation (content overlap 3%)."
"paper-mcq:empagliflozin-chronic-kidney-disease-progression","3","evidence_consistency: Low textual support from the linked guideline excerpt for the keyed option/explanation (content overlap 0%)."
"paper-mcq:empagliflozin-chronic-kidney-disease-progression","4","evidence_consistency: Low textual support from the linked guideline excerpt for the keyed option/explanation (content overlap 0%). The question tests diagnosis but the linked guideline excerpt addresses a different type of claim."
"cold-start-mcq:chronic-kidney-disease-sglt2-inhibitors","0","evidence_consistency: Low textual support from the linked guideline excerpt for the keyed option/explanation (content overlap 10%)."
"cold-start-mcq:chronic-kidney-disease-sglt2-inhibitors","1","evidence_consistency: Low textual support from the linked guideline excerpt for the keyed option/explanation (content overlap 15%)."
"cold-start-mcq:chronic-kidney-disease-sglt2-inhibitors","2","evidence_consistency: Low textual support from the linked guideline excerpt for the keyed option/explanation (content overlap 10%)."
"cold-start-mcq:chronic-kidney-disease-sglt2-inhibitors","3","evidence_consistency: The question tests management but the linked guideline excerpt addresses a different type of claim. Numeric recommendation absent from the linked guideline excerpt: 90 mL."
"cold-start-mcq:chronic-kidney-disease-sglt2-inhibitors","4","evidence_consistency: Low textual support from the linked guideline excerpt for the keyed option/explanation (content overlap 10%). The question tests management but the linked guideline excerpt addresses a different type of claim."
"paper-mcq:sglt2-inhibitors-in-ckd-and-nephrology","0","evidence_consistency: Low textual support from the linked guideline excerpt for the keyed option/explanation (content overlap 12%)."
"paper-mcq:sglt2-inhibitors-in-ckd-and-nephrology","1","evidence_consistency: Low textual support from the linked guideline excerpt for the keyed option/explanation (content overlap 6%)."
"paper-mcq:sglt2-inhibitors-in-ckd-and-nephrology","2","evidence_consistency: Low textual support from the linked guideline excerpt for the keyed option/explanation (content overlap 11%). Numeric recommendation absent from the linked guideline excerpt: 10mg, 200 mg, 25 mL, 5000 mg, 75 mL."
"paper-mcq:sglt2-inhibitors-in-ckd-and-nephrology","3","evidence_consistency: Low textual support from the linked guideline excerpt for the keyed option/explanation (content overlap 7%). The question tests management but the linked guideline excerpt addresses a different type of claim. Numeric recommendation absent from the linked guideline excerpt: 2 years, 6 weeks, 8 mL."
"paper-mcq:slowing-ckd-progression","0","evidence_consistency: The explanation admits inference, extrapolation, or incomplete source support. Low textual support from the linked guideline excerpt for the keyed option/explanation (content overlap 12%)."
"paper-mcq:slowing-ckd-progression","1","evidence_consistency: Low textual support from the linked guideline excerpt for the keyed option/explanation (content overlap 12%)."
"paper-mcq:slowing-ckd-progression","3","evidence_consistency: Low textual support from the linked guideline excerpt for the keyed option/explanation (content overlap 0%). The question tests diagnosis, dose but the linked guideline excerpt addresses a different type of claim. Numeric recommendation absent from the linked guideline excerpt: 200 mg, 5000 mg, 75 mL."
"guideline-mcq:sglt2-inhibitors-in-ckd-and-nephrology","0","evidence_consistency: Numeric recommendation absent from the linked guideline excerpt: 45 mL."
"guideline-mcq:sglt2-inhibitors-in-ckd-and-nephrology","1","evidence_consistency: The question tests dose, management but the linked guideline excerpt addresses a different type of claim."
"guideline-mcq:sglt2-inhibitors-in-ckd-and-nephrology","2","evidence_consistency: Low textual support from the linked guideline excerpt for the keyed option/explanation (content overlap 11%). The question tests management but the linked guideline excerpt addresses a different type of claim. Numeric recommendation absent from the linked guideline excerpt: 30 mL."
"guideline-mcq:sglt2-inhibitors-in-ckd-and-nephrology","3","evidence_consistency: Numeric recommendation absent from the linked guideline excerpt: 90 mL."
"guideline-mcq:Type-2-diabetes-cardiovascular-outcomes","1","evidence_consistency: The question tests management but the linked guideline excerpt addresses a different type of claim."
"guideline-mcq:Chronic-kidney-disease-SGLT2-inhibitors","0","evidence_consistency: Low textual support from the linked guideline excerpt for the keyed option/explanation (content overlap 7%). The question tests management but the linked guideline excerpt addresses a different type of claim."
"guideline-mcq:Chronic-kidney-disease-SGLT2-inhibitors","2","evidence_consistency: The question tests dose, management but the linked guideline excerpt addresses a different type of claim."
"guideline-mcq:canagliflozin-chronic-kidney-disease-CREDENCE-trial","1","evidence_consistency: Low textual support from the linked guideline excerpt for the keyed option/explanation (content overlap 10%). The question tests prognosis but the linked guideline excerpt addresses a different type of claim."
"guideline-mcq:canagliflozin-chronic-kidney-disease-CREDENCE-trial","2","evidence_consistency: Numeric recommendation absent from the linked guideline excerpt: 90 mL."
"guideline-mcq:lymphoma","2","evidence_consistency: Reference year(s) do not match the linked guideline excerpt (2023, 2024 vs 2026)."
"guideline-mcq:chronic-lymphocytic-leukaemia","0","evidence_consistency: Low textual support from the linked guideline excerpt for the keyed option/explanation (content overlap 7%)."
"guideline-mcq:chronic-lymphocytic-leukaemia","2","evidence_consistency: Low textual support from the linked guideline excerpt for the keyed option/explanation (content overlap 3%)."
"guideline-mcq:chronic-lymphocytic-leukaemia","3","evidence_consistency: Low textual support from the linked guideline excerpt for the keyed option/explanation (content overlap 3%). Numeric recommendation absent from the linked guideline excerpt: 11 g."
"guideline-mcq:Chronic-lymphocytic-leukaemia:-chemoimmunotherapy-with-FCR","1","evidence_consistency: Low textual support from the linked guideline excerpt for the keyed option/explanation (content overlap 7%)."
"guideline-mcq:Chronic-lymphocytic-leukaemia:-chemoimmunotherapy-with-FCR","2","evidence_consistency: Low textual support from the linked guideline excerpt for the keyed option/explanation (content overlap 7%)."
"guideline-mcq:Chronic-lymphocytic-leukaemia:-ibrutinib-and-venetoclax-base","0","evidence_consistency: Low textual support from the linked guideline excerpt for the keyed option/explanation (content overlap 6%)."
"guideline-mcq:Chronic-lymphocytic-leukaemia:-ibrutinib-and-venetoclax-base","1","evidence_consistency: Low textual support from the linked guideline excerpt for the keyed option/explanation (content overlap 11%)."
"guideline-mcq:Chronic-lymphocytic-leukaemia:-ibrutinib-and-venetoclax-base","2","evidence_consistency: Low textual support from the linked guideline excerpt for the keyed option/explanation (content overlap 6%). Numeric recommendation absent from the linked guideline excerpt: 12 months."
"cold-start-mcq:leukaemia","4","evidence_consistency: Low textual support from the linked guideline excerpt for the keyed option/explanation (content overlap 8%)."
"guideline-mcq:chronic-myeloid-leukaemia","0","evidence_consistency: Low textual support from the linked guideline excerpt for the keyed option/explanation (content overlap 12%). The question tests diagnosis, management but the linked guideline excerpt addresses a different type of claim."
"guideline-mcq:chronic-myeloid-leukaemia","1","evidence_consistency: Low textual support from the linked guideline excerpt for the keyed option/explanation (content overlap 7%). Numeric recommendation absent from the linked guideline excerpt: 6 months."
"guideline-mcq:chronic-myeloid-leukaemia","3","evidence_consistency: Low textual support from the linked guideline excerpt for the keyed option/explanation (content overlap 8%). The question tests diagnosis but the linked guideline excerpt addresses a different type of claim. Numeric recommendation absent from the linked guideline excerpt: 18 months."
"guideline-mcq:Chronic-myeloid-leukemia-imatinib","1","evidence_consistency: Low textual support from the linked guideline excerpt for the keyed option/explanation (content overlap 0%)."
"cold-start-mcq:chronic-myeloid-leukemia-imatinib","0","evidence_consistency: Numeric recommendation absent from the linked guideline excerpt: 10 years."
"cold-start-mcq:imatinib-versus-interferon-chronic-myeloid-leukemia-iris-trial","0","evidence_consistency: Low textual support from the linked guideline excerpt for the keyed option/explanation (content overlap 8%)."
"cold-start-mcq:imatinib-versus-interferon-chronic-myeloid-leukemia-iris-trial","1","evidence_consistency: Low textual support from the linked guideline excerpt for the keyed option/explanation (content overlap 11%)."
"cold-start-mcq:imatinib-versus-interferon-chronic-myeloid-leukemia-iris-trial","2","evidence_consistency: The explanation admits inference, extrapolation, or incomplete source support. Low textual support from the linked guideline excerpt for the keyed option/explanation (content overlap 5%)."
"cold-start-mcq:imatinib-versus-interferon-chronic-myeloid-leukemia-iris-trial","3","evidence_consistency: Low textual support from the linked guideline excerpt for the keyed option/explanation (content overlap 10%)."
"cold-start-mcq:imatinib-versus-interferon-chronic-myeloid-leukemia-iris-trial","4","evidence_consistency: Low textual support from the linked guideline excerpt for the keyed option/explanation (content overlap 8%)."
"guideline-mcq:chronic-myelomonocytic-leukaemia","0","evidence_consistency: Low textual support from the linked guideline excerpt for the keyed option/explanation (content overlap 13%). The question tests diagnosis but the linked guideline excerpt addresses a different type of claim."
"guideline-mcq:chronic-myelomonocytic-leukaemia","1","evidence_consistency: Low textual support from the linked guideline excerpt for the keyed option/explanation (content overlap 6%). The question tests diagnosis, management but the linked guideline excerpt addresses a different type of claim."
"guideline-mcq:chronic-myelomonocytic-leukaemia","3","evidence_consistency: The question tests diagnosis but the linked guideline excerpt addresses a different type of claim."
"paper-mcq:chronic-neutrophilic-leukaemia","0","evidence_consistency: Low textual support from the linked guideline excerpt for the keyed option/explanation (content overlap 15%)."
"paper-mcq:chronic-neutrophilic-leukaemia","1","evidence_consistency: Low textual support from the linked guideline excerpt for the keyed option/explanation (content overlap 11%)."
"paper-mcq:chronic-neutrophilic-leukaemia","2","evidence_consistency: Low textual support from the linked guideline excerpt for the keyed option/explanation (content overlap 13%)."
"paper-mcq:chronic-neutrophilic-leukaemia","3","evidence_consistency: Low textual support from the linked guideline excerpt for the keyed option/explanation (content overlap 13%)."
"guideline-mcq:chronic-pancreatitis","0","evidence_consistency: Low textual support from the linked guideline excerpt for the keyed option/explanation (content overlap 15%)."
"cold-start-mcq:acute-pancreatitis","1","evidence_consistency: Low textual support from the linked guideline excerpt for the keyed option/explanation (content overlap 0%)."
"paper-mcq:chronic-pancreatitis","0","evidence_consistency: Low textual support from the linked guideline excerpt for the keyed option/explanation (content overlap 10%). The question tests prognosis but the linked guideline excerpt addresses a different type of claim."
"paper-mcq:chronic-pancreatitis","1","evidence_consistency: Low textual support from the linked guideline excerpt for the keyed option/explanation (content overlap 8%)."
"paper-mcq:chronic-pancreatitis","2","evidence_consistency: Low textual support from the linked guideline excerpt for the keyed option/explanation (content overlap 13%)."
"guideline-mcq:chronic-pancreatitis-pain-and-exocrine-insufficiency","3","evidence_consistency: The question tests dose, management but the linked guideline excerpt addresses a different type of claim."
"guideline-mcq:Chronic-pancreatitis-pain-and-exocrine-insufficiency","1","evidence_consistency: Low textual support from the linked guideline excerpt for the keyed option/explanation (content overlap 14%)."
"guideline-mcq:Chronic-pancreatitis-pain-and-exocrine-insufficiency","2","evidence_consistency: Low textual support from the linked guideline excerpt for the keyed option/explanation (content overlap 10%). The question tests dose but the linked guideline excerpt addresses a different type of claim."
"paper-mcq:asthma-biologics","4","evidence_consistency: Low textual support from the linked guideline excerpt for the keyed option/explanation (content overlap 4%)."
"paper-mcq:urticaria-and-angioedema-classification-and-management","3","evidence_consistency: Low textual support from the linked guideline excerpt for the keyed option/explanation (content overlap 14%). Numeric recommendation absent from the linked guideline excerpt: 300 mg, 8 weeks."
"cold-start-mcq:chronic-spontaneous-urticaria-omalizumab","0","evidence_consistency: Low textual support from the linked guideline excerpt for the keyed option/explanation (content overlap 13%)."
"cold-start-mcq:chronic-spontaneous-urticaria-omalizumab","2","evidence_consistency: Low textual support from the linked guideline excerpt for the keyed option/explanation (content overlap 6%). The question tests dose, screening but the linked guideline excerpt addresses a different type of claim."
"cold-start-mcq:chronic-spontaneous-urticaria-omalizumab","3","evidence_consistency: Low textual support from the linked guideline excerpt for the keyed option/explanation (content overlap 3%)."
"cold-start-mcq:chronic-spontaneous-urticaria-omalizumab","4","evidence_consistency: Low textual support from the linked guideline excerpt for the keyed option/explanation (content overlap 14%)."
"guideline-mcq:chronic-spontaneous-urticaria-omalizumab","0","evidence_consistency: Numeric recommendation absent from the linked guideline excerpt: 300mg, 4 weeks."
"guideline-mcq:chronic-spontaneous-urticaria-omalizumab","1","evidence_consistency: Numeric recommendation absent from the linked guideline excerpt: 10mg, 40mg, 6 weeks."
"cold-start-mcq:pulmonary-embolism","1","evidence_consistency: The question tests management but the linked guideline excerpt addresses a different type of claim."
"guideline-mcq:chronic-thromboembolic-pulmonary-hypertension","0","evidence_consistency: The question tests diagnosis, management but the linked guideline excerpt addresses a different type of claim."
"guideline-mcq:chronic-thromboembolic-pulmonary-hypertension","3","evidence_consistency: The question tests diagnosis but the linked guideline excerpt addresses a different type of claim."
"cold-start-mcq:pulmonary-embolism-diagnosis","1","evidence_consistency: Low textual support from the linked guideline excerpt for the keyed option/explanation (content overlap 12%). Numeric recommendation absent from the linked guideline excerpt: 8 weeks."
"paper-mcq:submassive-pe","3","evidence_consistency: Low textual support from the linked guideline excerpt for the keyed option/explanation (content overlap 7%). Numeric recommendation absent from the linked guideline excerpt: 12 months, 6 months."
"cold-start-mcq:gout-flare-treatment","0","evidence_consistency: Low textual support from the linked guideline excerpt for the keyed option/explanation (content overlap 16%)."
"cold-start-mcq:hyperuricaemia","3","evidence_consistency: Low textual support from the linked guideline excerpt for the keyed option/explanation (content overlap 2%)."
"cold-start-mcq:gout","3","evidence_consistency: Low textual support from the linked guideline excerpt for the keyed option/explanation (content overlap 2%)."
"cold-start-mcq:gout","4","evidence_consistency: Numeric recommendation absent from the linked guideline excerpt: 50 mg."
"paper-mcq:urate-lowering-therapy-allopurinol-febuxostat-target-serum-urate-titration","0","evidence_consistency: Numeric recommendation absent from the linked guideline excerpt: 6 mg."
"paper-mcq:urate-lowering-therapy-allopurinol-febuxostat-target-serum-urate-titration","1","evidence_consistency: Numeric recommendation absent from the linked guideline excerpt: 50 mg, 6 mg, 6 months."
"paper-mcq:urate-lowering-therapy-allopurinol-febuxostat-target-serum-urate-titration","3","evidence_consistency: Numeric recommendation absent from the linked guideline excerpt: 1 month, 6 months."
"paper-mcq:urate-lowering-therapy-allopurinol-febuxostat-target-serum-urate-titration","4","evidence_consistency: Numeric recommendation absent from the linked guideline excerpt: 2 years, 6 mg."
"guideline-mcq:urate-lowering-therapy-allopurinol-febuxostat-target-serum-urate-titration","1","evidence_consistency: Numeric recommendation absent from the linked guideline excerpt: 6 mg, 6 weeks, 7.1 mg."
"guideline-mcq:urate-lowering-therapy-allopurinol-febuxostat-target-serum-urate-titration","2","evidence_consistency: Numeric recommendation absent from the linked guideline excerpt: 50 mg."
"guideline-mcq:drug-dosing-in-renal-impairment","2","evidence_consistency: Numeric recommendation absent from the linked guideline excerpt: 38 mL."
"guideline-mcq:chronic-venous-insufficiency-compression-therapy-ablation-venous-ulcer-management","3","evidence_consistency: Low textual support from the linked guideline excerpt for the keyed option/explanation (content overlap 7%)."
"guideline-mcq:chylothorax","0","evidence_consistency: Low textual support from the linked guideline excerpt for the keyed option/explanation (content overlap 8%)."
"guideline-mcq:chylothorax","1","evidence_consistency: The explanation admits inference, extrapolation, or incomplete source support. Low textual support from the linked guideline excerpt for the keyed option/explanation (content overlap 8%). Numeric recommendation absent from the linked guideline excerpt: 110 mg."
"guideline-mcq:secondary-hyperparathyroidism-in-ckd-ckd-mbd-phosphate-binders-cinacalcet","1","evidence_consistency: Low textual support from the linked guideline excerpt for the keyed option/explanation (content overlap 12%). The question tests dose but the linked guideline excerpt addresses a different type of claim."
"guideline-mcq:ckd-referral-thresholds","4","evidence_consistency: Reference year(s) do not match the linked guideline excerpt (2017 vs 2018, 2023)."
"guideline-mcq:ckd-mbd-mineral-and-bone-disorder","0","evidence_consistency: Low textual support from the linked guideline excerpt for the keyed option/explanation (content overlap 10%). Reference year(s) do not match the linked guideline excerpt (2009, 2017 vs 2018)."
"guideline-mcq:ckd-mbd-mineral-and-bone-disorder","1","evidence_consistency: The question tests dose, screening but the linked guideline excerpt addresses a different type of claim. Numeric recommendation absent from the linked guideline excerpt: 12 months, 3 months, 6 months. Reference year(s) do not match the linked guideline excerpt (2009, 2017 vs 2018)."
"guideline-mcq:ckd-mbd-mineral-and-bone-disorder","2","evidence_consistency: Low textual support from the linked guideline excerpt for the keyed option/explanation (content overlap 9%). Reference year(s) do not match the linked guideline excerpt (2009 vs 2018)."
"cold-start-mcq:conservative-management-of-ckd","3","evidence_consistency: Low textual support from the linked guideline excerpt for the keyed option/explanation (content overlap 10%)."
"paper-mcq:ckd-mbd-mineral-and-bone-disorder","0","evidence_consistency: Low textual support from the linked guideline excerpt for the keyed option/explanation (content overlap 9%)."
"paper-mcq:ckd-mbd-mineral-and-bone-disorder","3","evidence_consistency: Low textual support from the linked guideline excerpt for the keyed option/explanation (content overlap 5%)."
"guideline-mcq:ckd-staging-and-progression","0","evidence_consistency: Low textual support from the linked guideline excerpt for the keyed option/explanation (content overlap 2%). The question tests dose, management, prognosis but the linked guideline excerpt addresses a different type of claim. Reference year(s) do not match the linked guideline excerpt (2023 vs 2008, 2026)."
"guideline-mcq:ckd-staging-and-progression","1","evidence_consistency: Low textual support from the linked guideline excerpt for the keyed option/explanation (content overlap 12%). The question tests dose, prognosis but the linked guideline excerpt addresses a different type of claim. Reference year(s) do not match the linked guideline excerpt (2020 vs 2008, 2026)."
"guideline-mcq:ckd-staging-and-progression","2","evidence_consistency: The question tests dose but the linked guideline excerpt addresses a different type of claim. Numeric recommendation absent from the linked guideline excerpt: 29 mL, 300 mg, 32 mL, 350 mg, 44 mL, 59 mL."
"guideline-mcq:ckd-staging-and-progression","3","evidence_consistency: Low textual support from the linked guideline excerpt for the keyed option/explanation (content overlap 5%). The question tests diagnosis, dose, prognosis but the linked guideline excerpt addresses a different type of claim. Reference year(s) do not match the linked guideline excerpt (2020 vs 2008, 2026)."
"cold-start-mcq:investigating-suspected-stable-angina-in-women","1","evidence_consistency: Low textual support from the linked guideline excerpt for the keyed option/explanation (content overlap 10%). The question tests management but the linked guideline excerpt addresses a different type of claim."
"cold-start-mcq:conservative-management-of-ckd","1","evidence_consistency: Low textual support from the linked guideline excerpt for the keyed option/explanation (content overlap 9%). The question tests diagnosis, management but the linked guideline excerpt addresses a different type of claim."
"guideline-mcq:class-i-antiarrhythmics-flecainide-propafenone-quinidine-use-and-contraindications","0","evidence_consistency: The question tests diagnosis but the linked guideline excerpt addresses a different type of claim."
"guideline-mcq:class-i-antiarrhythmics-flecainide-propafenone-quinidine-use-and-contraindications","3","evidence_consistency: The question tests management but the linked guideline excerpt addresses a different type of claim."
"guideline-mcq:class-iii-antiarrhythmics-amiodarone-sotalol-dronedarone-toxicity-monitoring","0","evidence_consistency: Low textual support from the linked guideline excerpt for the keyed option/explanation (content overlap 4%). The question tests dose, management, screening but the linked guideline excerpt addresses a different type of claim. Numeric recommendation absent from the linked guideline excerpt: 6 months. Reference year(s) do not match the linked guideline excerpt (2017 vs 2011, 2014)."
"guideline-mcq:class-iii-antiarrhythmics-amiodarone-sotalol-dronedarone-toxicity-monitoring","1","evidence_consistency: Low textual support from the linked guideline excerpt for the keyed option/explanation (content overlap 11%). The question tests dose, management but the linked guideline excerpt addresses a different type of claim. Numeric recommendation absent from the linked guideline excerpt: 24 hours, 59 mL, 80 mg. Reference year(s) do not match the linked guideline excerpt (2020 vs 2011, 2014)."
"guideline-mcq:class-iii-antiarrhythmics-amiodarone-sotalol-dronedarone-toxicity-monitoring","2","evidence_consistency: Reference year(s) do not match the linked guideline excerpt (2020 vs 2011, 2014)."
"guideline-mcq:class-iii-antiarrhythmics-amiodarone-sotalol-dronedarone-toxicity-monitoring","3","evidence_consistency: Low textual support from the linked guideline excerpt for the keyed option/explanation (content overlap 5%). The question tests dose but the linked guideline excerpt addresses a different type of claim. Reference year(s) do not match the linked guideline excerpt (2020 vs 2014)."
"paper-mcq:atrial-fibrillation-and-common-arrhythmias","1","evidence_consistency: Low textual support from the linked guideline excerpt for the keyed option/explanation (content overlap 4%). The question tests management but the linked guideline excerpt addresses a different type of claim."
"cold-start-mcq:acute-thrombolysis","1","evidence_consistency: Low textual support from the linked guideline excerpt for the keyed option/explanation (content overlap 16%)."
"paper-mcq:clopidogrel-aspirin-acute-minor-ischemic-stroke-chance","0","evidence_consistency: Numeric recommendation absent from the linked guideline excerpt: 24 hours, 90 days."
"paper-mcq:clopidogrel-aspirin-acute-minor-ischemic-stroke-chance","2","evidence_consistency: Low textual support from the linked guideline excerpt for the keyed option/explanation (content overlap 9%). Numeric recommendation absent from the linked guideline excerpt: 21 days."
"paper-mcq:clopidogrel-aspirin-acute-minor-ischemic-stroke-chance","3","evidence_consistency: Numeric recommendation absent from the linked guideline excerpt: 12 hours, 18 hours, 24 hours."
"paper-mcq:clopidogrel-aspirin-acute-minor-ischemic-stroke-chance","4","evidence_consistency: Numeric recommendation absent from the linked guideline excerpt: 90 days."
"cold-start-mcq:acute-ischemic-stroke-reperfusion","4","evidence_consistency: Low textual support from the linked guideline excerpt for the keyed option/explanation (content overlap 12%)."
"cold-start-mcq:secondary-stroke-prevention-antiplatelet-anticoagulation","0","evidence_consistency: Numeric recommendation absent from the linked guideline excerpt: 21 days, 24 hours."
"cold-start-mcq:secondary-stroke-prevention-antiplatelet-anticoagulation","3","evidence_consistency: Low textual support from the linked guideline excerpt for the keyed option/explanation (content overlap 2%). Numeric recommendation absent from the linked guideline excerpt: 21 days, 90 days."
"cold-start-mcq:secondary-stroke-prevention-antiplatelet-anticoagulation","4","evidence_consistency: Low textual support from the linked guideline excerpt for the keyed option/explanation (content overlap 9%). Numeric recommendation absent from the linked guideline excerpt: 24 hours."
"paper-mcq:transient-ischaemic-attack-tia-abcd2-risk-stratification-secondary-prevention","0","evidence_consistency: Low textual support from the linked guideline excerpt for the keyed option/explanation (content overlap 10%). Numeric recommendation absent from the linked guideline excerpt: 10 days, 21 days, 24 hours."
"paper-mcq:faecal-microbiota-transplant","2","evidence_consistency: Low textual support from the linked guideline excerpt for the keyed option/explanation (content overlap 2%)."
"paper-mcq:fecal-microbiota-transplant-recurrent-clostridioides-difficile-infection","1","evidence_consistency: Low textual support from the linked guideline excerpt for the keyed option/explanation (content overlap 6%)."
"paper-mcq:fecal-microbiota-transplant-recurrent-clostridioides-difficile-infection","2","evidence_consistency: Low textual support from the linked guideline excerpt for the keyed option/explanation (content overlap 10%). Numeric recommendation absent from the linked guideline excerpt: 1 year."
"paper-mcq:fecal-microbiota-transplant-recurrent-clostridioides-difficile-infection","3","evidence_consistency: Low textual support from the linked guideline excerpt for the keyed option/explanation (content overlap 15%). The question tests prognosis, screening but the linked guideline excerpt addresses a different type of claim."
"paper-mcq:fecal-microbiota-transplant-recurrent-clostridioides-difficile-infection","4","evidence_consistency: Low textual support from the linked guideline excerpt for the keyed option/explanation (content overlap 4%). The question tests dose but the linked guideline excerpt addresses a different type of claim."
"cold-start-mcq:recurrent-clostridioides-difficile-infection","0","evidence_consistency: Low textual support from the linked guideline excerpt for the keyed option/explanation (content overlap 7%). Numeric recommendation absent from the linked guideline excerpt: 10 years."
"cold-start-mcq:recurrent-clostridioides-difficile-infection","1","evidence_consistency: Low textual support from the linked guideline excerpt for the keyed option/explanation (content overlap 10%). The question tests diagnosis, dose but the linked guideline excerpt addresses a different type of claim. Numeric recommendation absent from the linked guideline excerpt: 10 days, 200 mg."
"cold-start-mcq:recurrent-clostridioides-difficile-infection","3","evidence_consistency: Low textual support from the linked guideline excerpt for the keyed option/explanation (content overlap 3%)."
"guideline-mcq:clostridioides-difficile-infection","2","evidence_consistency: Numeric recommendation absent from the linked guideline excerpt: 10 days."
"guideline-mcq:clostridioides-difficile-infection","3","evidence_consistency: Low textual support from the linked guideline excerpt for the keyed option/explanation (content overlap 10%). The question tests management, prognosis but the linked guideline excerpt addresses a different type of claim."
"guideline-mcq:Recurrent-Clostridioides-difficile-infection","1","evidence_consistency: The question tests management but the linked guideline excerpt addresses a different type of claim."
"cold-start-mcq:long-term-adverse-effects-of-proton-pump-inhibitors","2","evidence_consistency: Low textual support from the linked guideline excerpt for the keyed option/explanation (content overlap 8%)."
"paper-mcq:clostridioides-difficile-infection-severity-grading-vancomycin-fidaxomicin-fmt-bezlotoxumab","0","evidence_consistency: Low textual support from the linked guideline excerpt for the keyed option/explanation (content overlap 0%). The question tests dose but the linked guideline excerpt addresses a different type of claim."
"paper-mcq:clostridioides-difficile-infection-severity-grading-vancomycin-fidaxomicin-fmt-bezlotoxumab","2","evidence_consistency: Low textual support from the linked guideline excerpt for the keyed option/explanation (content overlap 7%). Numeric recommendation absent from the linked guideline excerpt: 60 mL, 65 years."
"paper-mcq:clostridioides-difficile-infection-severity-grading-vancomycin-fidaxomicin-fmt-bezlotoxumab","3","evidence_consistency: Low textual support from the linked guideline excerpt for the keyed option/explanation (content overlap 10%). The question tests diagnosis but the linked guideline excerpt addresses a different type of claim."
"paper-mcq:clostridioides-difficile-infection-severity-grading-vancomycin-fidaxomicin-fmt-bezlotoxumab","4","evidence_consistency: Low textual support from the linked guideline excerpt for the keyed option/explanation (content overlap 11%). Numeric recommendation absent from the linked guideline excerpt: 14 days."
"guideline-mcq:skin-and-soft-tissue-infection-antibiotic-strategy","2","evidence_consistency: Low textual support from the linked guideline excerpt for the keyed option/explanation (content overlap 14%)."
"cold-start-mcq:recurrent-clostridioides-difficile-infection","2","evidence_consistency: Low textual support from the linked guideline excerpt for the keyed option/explanation (content overlap 3%). The question tests dose but the linked guideline excerpt addresses a different type of claim. Numeric recommendation absent from the linked guideline excerpt: 10 days, 200 mg."
"cold-start-mcq:recurrent-clostridioides-difficile-infection","4","evidence_consistency: Low textual support from the linked guideline excerpt for the keyed option/explanation (content overlap 3%). The question tests dose, management, prognosis but the linked guideline excerpt addresses a different type of claim."
"guideline-mcq:clostridioides-difficile-infection","0","evidence_consistency: Low textual support from the linked guideline excerpt for the keyed option/explanation (content overlap 0%). Numeric recommendation absent from the linked guideline excerpt: 125 mg, 500 mg."
"cold-start-mcq:clozapine-for-treatment-resistant-schizophrenia","1","evidence_consistency: Low textual support from the linked guideline excerpt for the keyed option/explanation (content overlap 5%). The question tests diagnosis but the linked guideline excerpt addresses a different type of claim."
"guideline-mcq:clozapine-for-treatment-resistant-schizophrenia","1","evidence_consistency: Reference year(s) do not match the linked guideline excerpt (2014 vs 2009, 2022)."
"cold-start-mcq:clozapine-induced-myocarditis","0","evidence_consistency: Low textual support from the linked guideline excerpt for the keyed option/explanation (content overlap 14%)."
"cold-start-mcq:clozapine-induced-myocarditis","2","evidence_consistency: Low textual support from the linked guideline excerpt for the keyed option/explanation (content overlap 9%)."
"guideline-mcq:Clozapine-for-treatment-resistant-schizophrenia","1","evidence_consistency: Low textual support from the linked guideline excerpt for the keyed option/explanation (content overlap 6%)."
"guideline-mcq:Clozapine-for-treatment-resistant-schizophrenia","2","evidence_consistency: Low textual support from the linked guideline excerpt for the keyed option/explanation (content overlap 11%)."
"guideline-mcq:Schizophrenia-antipsychotic-treatment-strategies","2","evidence_consistency: Low textual support from the linked guideline excerpt for the keyed option/explanation (content overlap 5%)."
"cold-start-mcq:cluster-headache","0","evidence_consistency: Low textual support from the linked guideline excerpt for the keyed option/explanation (content overlap 12%)."
"guideline-mcq:cluster-headache-high-flow-oxygen-triptan-rescue-verapamil-prophylaxis","3","evidence_consistency: Numeric recommendation absent from the linked guideline excerpt: 6mg."
"paper-mcq:cmv-disease-in-immunocompromised-retinitis-colitis-pneumonitis-ganciclovir-valganciclovir","0","evidence_consistency: Low textual support from the linked guideline excerpt for the keyed option/explanation (content overlap 10%). The question tests diagnosis but the linked guideline excerpt addresses a different type of claim."
"paper-mcq:cmv-disease-in-immunocompromised-retinitis-colitis-pneumonitis-ganciclovir-valganciclovir","1","evidence_consistency: Low textual support from the linked guideline excerpt for the keyed option/explanation (content overlap 12%). The question tests management but the linked guideline excerpt addresses a different type of claim."
"paper-mcq:cmv-disease-in-immunocompromised-retinitis-colitis-pneumonitis-ganciclovir-valganciclovir","2","evidence_consistency: Low textual support from the linked guideline excerpt for the keyed option/explanation (content overlap 6%). The question tests diagnosis, management but the linked guideline excerpt addresses a different type of claim."
"paper-mcq:cmv-disease-in-immunocompromised-retinitis-colitis-pneumonitis-ganciclovir-valganciclovir","3","evidence_consistency: Low textual support from the linked guideline excerpt for the keyed option/explanation (content overlap 3%). The question tests diagnosis but the linked guideline excerpt addresses a different type of claim."
"paper-mcq:cmv-disease-in-immunocompromised-retinitis-colitis-pneumonitis-ganciclovir-valganciclovir","4","evidence_consistency: Low textual support from the linked guideline excerpt for the keyed option/explanation (content overlap 3%). The question tests management but the linked guideline excerpt addresses a different type of claim."
"guideline-mcq:cmv-disease-in-immunocompromised-retinitis-colitis-pneumonitis-ganciclovir-valganciclovir","0","evidence_consistency: Low textual support from the linked guideline excerpt for the keyed option/explanation (content overlap 10%). The question tests management but the linked guideline excerpt addresses a different type of claim."
"guideline-mcq:cmv-disease-in-immunocompromised-retinitis-colitis-pneumonitis-ganciclovir-valganciclovir","1","evidence_consistency: Low textual support from the linked guideline excerpt for the keyed option/explanation (content overlap 3%). The question tests diagnosis but the linked guideline excerpt addresses a different type of claim."
"guideline-mcq:cmv-disease-in-immunocompromised-retinitis-colitis-pneumonitis-ganciclovir-valganciclovir","3","evidence_consistency: Low textual support from the linked guideline excerpt for the keyed option/explanation (content overlap 10%). The question tests diagnosis, management but the linked guideline excerpt addresses a different type of claim."
"guideline-mcq:coal-workers-pneumoconiosis","3","evidence_consistency: Low textual support from the linked guideline excerpt for the keyed option/explanation (content overlap 14%)."
"cold-start-mcq:urticaria","3","evidence_consistency: Low textual support from the linked guideline excerpt for the keyed option/explanation (content overlap 8%)."
"guideline-mcq:cocaine-induced-myocardial-infarction-pathophysiology-and-management","2","evidence_consistency: The question tests management but the linked guideline excerpt addresses a different type of claim."
"guideline-mcq:coeliac-disease","0","evidence_consistency: Numeric recommendation absent from the linked guideline excerpt: 6 weeks."
"guideline-mcq:coeliac-disease","2","evidence_consistency: Low textual support from the linked guideline excerpt for the keyed option/explanation (content overlap 10%)."
"guideline-mcq:duodenal-pathology","0","evidence_consistency: Low textual support from the linked guideline excerpt for the keyed option/explanation (content overlap 8%)."
"paper-mcq:coeliac-disease","0","evidence_consistency: Low textual support from the linked guideline excerpt for the keyed option/explanation (content overlap 6%)."
"paper-mcq:coeliac-disease","2","evidence_consistency: Low textual support from the linked guideline excerpt for the keyed option/explanation (content overlap 5%)."
"guideline-mcq:colonic-polyp-management","1","evidence_consistency: The explanation admits inference, extrapolation, or incomplete source support."
"guideline-mcq:colonic-polyp-management","3","evidence_consistency: Low textual support from the linked guideline excerpt for the keyed option/explanation (content overlap 8%). The question tests prognosis but the linked guideline excerpt addresses a different type of claim."
"guideline-mcq:diagnostic-colonoscopy","0","evidence_consistency: Low textual support from the linked guideline excerpt for the keyed option/explanation (content overlap 8%). Numeric recommendation absent from the linked guideline excerpt: 1.5 cm, 3 years. Reference year(s) do not match the linked guideline excerpt (2021 vs 2023, 2024)."
"cold-start-mcq:colorectal-cancer","4","evidence_consistency: Low textual support from the linked guideline excerpt for the keyed option/explanation (content overlap 11%)."
"guideline-mcq:colorectal-cancer-screening-and-surveillance","0","evidence_consistency: Low textual support from the linked guideline excerpt for the keyed option/explanation (content overlap 10%). Numeric recommendation absent from the linked guideline excerpt: 10 years, 10mm, 5 years."
"paper-mcq:colonic-polyp-management","0","evidence_consistency: Numeric recommendation absent from the linked guideline excerpt: 10 years, 10mm."
"paper-mcq:colonic-polyp-management","1","evidence_consistency: Low textual support from the linked guideline excerpt for the keyed option/explanation (content overlap 12%). Numeric recommendation absent from the linked guideline excerpt: 10mm."
"paper-mcq:colonic-polyp-management","2","evidence_consistency: Low textual support from the linked guideline excerpt for the keyed option/explanation (content overlap 11%). Numeric recommendation absent from the linked guideline excerpt: 12 months, 20mm, 6 month, 6 months."
"paper-mcq:colonic-polyp-management","3","evidence_consistency: Low textual support from the linked guideline excerpt for the keyed option/explanation (content overlap 15%). Numeric recommendation absent from the linked guideline excerpt: 10mm, 3 years."
"cold-start-mcq:acute-abdomen","2","evidence_consistency: Low textual support from the linked guideline excerpt for the keyed option/explanation (content overlap 3%)."
"cold-start-mcq:acute-abdomen","3","evidence_consistency: Low textual support from the linked guideline excerpt for the keyed option/explanation (content overlap 4%). The question tests diagnosis but the linked guideline excerpt addresses a different type of claim."
"guideline-mcq:large-bowel-obstruction-volvulus-and-pseudo-obstruction-management","1","evidence_consistency: Low textual support from the linked guideline excerpt for the keyed option/explanation (content overlap 16%)."
"guideline-mcq:colonic-volvulus","1","evidence_consistency: Reference year(s) do not match the linked guideline excerpt (2020 vs 2025)."
"guideline-mcq:colonic-volvulus","2","evidence_consistency: Reference year(s) do not match the linked guideline excerpt (2020 vs 2025, 2026)."
"guideline-mcq:colonic-volvulus","3","evidence_consistency: Low textual support from the linked guideline excerpt for the keyed option/explanation (content overlap 7%). Reference year(s) do not match the linked guideline excerpt (2020 vs 2025, 2026)."
"cold-start-mcq:colorectal-cancer-treatment","2","evidence_consistency: Low textual support from the linked guideline excerpt for the keyed option/explanation (content overlap 3%). Numeric recommendation absent from the linked guideline excerpt: 1 year, 3 years, 5 years."
"cold-start-mcq:recurrent-chest-infections","2","evidence_consistency: Low textual support from the linked guideline excerpt for the keyed option/explanation (content overlap 2%). Numeric recommendation absent from the linked guideline excerpt: 12 months."
"cold-start-mcq:common-variable-immunodeficiency-diagnosis-and-infection-prevention","0","evidence_consistency: The question tests diagnosis but the linked guideline excerpt addresses a different type of claim."
"cold-start-mcq:common-variable-immunodeficiency-diagnosis-and-infection-prevention","1","evidence_consistency: Low textual support from the linked guideline excerpt for the keyed option/explanation (content overlap 2%)."
"cold-start-mcq:common-variable-immunodeficiency-diagnosis-and-infection-prevention","2","evidence_consistency: Low textual support from the linked guideline excerpt for the keyed option/explanation (content overlap 10%)."
"cold-start-mcq:common-variable-immunodeficiency-diagnosis-and-infection-prevention","3","evidence_consistency: Low textual support from the linked guideline excerpt for the keyed option/explanation (content overlap 4%). The question tests screening but the linked guideline excerpt addresses a different type of claim."
"cold-start-mcq:common-variable-immunodeficiency-diagnosis-and-infection-prevention","4","evidence_consistency: Low textual support from the linked guideline excerpt for the keyed option/explanation (content overlap 4%). The question tests management but the linked guideline excerpt addresses a different type of claim."
"guideline-mcq:common-variable-immunodeficiency-diagnosis-and-infection-prevention","0","evidence_consistency: Low textual support from the linked guideline excerpt for the keyed option/explanation (content overlap 6%). The question tests dose, management but the linked guideline excerpt addresses a different type of claim. Reference year(s) do not match the linked guideline excerpt (2019 vs 1996, 2026)."
"guideline-mcq:common-variable-immunodeficiency-diagnosis-and-infection-prevention","1","evidence_consistency: The explanation admits inference, extrapolation, or incomplete source support. Low textual support from the linked guideline excerpt for the keyed option/explanation (content overlap 10%). Numeric recommendation absent from the linked guideline excerpt: 10 g, 7.0 g, 8.0 g."
"guideline-mcq:common-variable-immunodeficiency-diagnosis-and-infection-prevention","3","evidence_consistency: Low textual support from the linked guideline excerpt for the keyed option/explanation (content overlap 3%). The question tests diagnosis, management but the linked guideline excerpt addresses a different type of claim. Numeric recommendation absent from the linked guideline excerpt: 0.5 cm, 1 cm, 2 cm. Reference year(s) do not match the linked guideline excerpt (2019 vs 2011, 2026)."
"cold-start-mcq:community-acquired-pneumonia-severity-score","0","evidence_consistency: Low textual support from the linked guideline excerpt for the keyed option/explanation (content overlap 6%)."
"curated-mcq:community-acquired pneumonia","1","evidence_consistency: Numeric recommendation absent from the linked guideline excerpt: 3 days."
"curated-mcq:community-acquired pneumonia","12","evidence_consistency: The question tests management but the linked guideline excerpt addresses a different type of claim."
"paper-mcq:atypical-pneumonia-pathogens-mycoplasma-chlamydophila-q-fever-coxiella-diagnosis-and-treatment","3","evidence_consistency: Low textual support from the linked guideline excerpt for the keyed option/explanation (content overlap 5%)."
"paper-mcq:community-acquired-pneumonia-curb-65-psi-empirical-therapy-atypical-pathogens","2","evidence_consistency: Low textual support from the linked guideline excerpt for the keyed option/explanation (content overlap 7%)."
"paper-mcq:community-acquired-pneumonia-curb-65-psi-empirical-therapy-atypical-pathogens","4","evidence_consistency: Low textual support from the linked guideline excerpt for the keyed option/explanation (content overlap 0%)."
"paper-mcq:community--and-hospital-acquired-pneumonia","3","evidence_consistency: Low textual support from the linked guideline excerpt for the keyed option/explanation (content overlap 0%). The question tests diagnosis, management but the linked guideline excerpt addresses a different type of claim."
"cold-start-mcq:community-acquired-pneumonia","0","evidence_consistency: Low textual support from the linked guideline excerpt for the keyed option/explanation (content overlap 4%)."
"cold-start-mcq:community-acquired-pneumonia","3","evidence_consistency: Low textual support from the linked guideline excerpt for the keyed option/explanation (content overlap 0%). The question tests management, prognosis but the linked guideline excerpt addresses a different type of claim."
"cold-start-mcq:community-acquired-pneumonia","4","evidence_consistency: Low textual support from the linked guideline excerpt for the keyed option/explanation (content overlap 6%)."
"guideline-mcq:community-acquired-pneumonia-curb-65-psi-empirical-therapy-atypical-pathogens","1","evidence_consistency: Low textual support from the linked guideline excerpt for the keyed option/explanation (content overlap 10%). Numeric recommendation absent from the linked guideline excerpt: 100 mg. Reference year(s) do not match the linked guideline excerpt (2011 vs 2025, 2026)."
"paper-mcq:community-acquired-pneumonia-diagnosis-empiric-antibiotic-management-guideline-adult","0","evidence_consistency: Low textual support from the linked guideline excerpt for the keyed option/explanation (content overlap 0%)."
"paper-mcq:community-acquired-pneumonia-diagnosis-empiric-antibiotic-management-guideline-adult","1","evidence_consistency: Low textual support from the linked guideline excerpt for the keyed option/explanation (content overlap 9%). The question tests diagnosis, management but the linked guideline excerpt addresses a different type of claim."
"paper-mcq:community-acquired-pneumonia-diagnosis-empiric-antibiotic-management-guideline-adult","2","evidence_consistency: Low textual support from the linked guideline excerpt for the keyed option/explanation (content overlap 3%)."
"paper-mcq:pneumonia","0","evidence_consistency: Low textual support from the linked guideline excerpt for the keyed option/explanation (content overlap 0%)."
"guideline-mcq:Community-acquired-pneumonia","0","evidence_consistency: Low textual support from the linked guideline excerpt for the keyed option/explanation (content overlap 7%)."
"guideline-mcq:Community-acquired-pneumonia","1","evidence_consistency: Low textual support from the linked guideline excerpt for the keyed option/explanation (content overlap 5%)."
"guideline-mcq:Community-acquired-pneumonia","2","evidence_consistency: Low textual support from the linked guideline excerpt for the keyed option/explanation (content overlap 8%). The question tests management but the linked guideline excerpt addresses a different type of claim."
"guideline-mcq:pneumonia","0","evidence_consistency: Low textual support from the linked guideline excerpt for the keyed option/explanation (content overlap 7%). The question tests prognosis but the linked guideline excerpt addresses a different type of claim."
"guideline-mcq:pneumonia","2","evidence_consistency: The question tests diagnosis but the linked guideline excerpt addresses a different type of claim."
"cold-start-mcq:community-acquired-pneumonia-curb-65-psi-empirical-therapy-atypical-pathogens","0","evidence_consistency: Numeric recommendation absent from the linked guideline excerpt: 65 years, 7 mmol."
"cold-start-mcq:community-acquired-pneumonia-curb-65-psi-empirical-therapy-atypical-pathogens","1","evidence_consistency: Low textual support from the linked guideline excerpt for the keyed option/explanation (content overlap 5%)."
"cold-start-mcq:community-acquired-pneumonia-curb-65-psi-empirical-therapy-atypical-pathogens","2","evidence_consistency: Low textual support from the linked guideline excerpt for the keyed option/explanation (content overlap 5%)."
"cold-start-mcq:community-acquired-pneumonia-curb-65-psi-empirical-therapy-atypical-pathogens","3","evidence_consistency: Low textual support from the linked guideline excerpt for the keyed option/explanation (content overlap 14%). The question tests management but the linked guideline excerpt addresses a different type of claim."
"cold-start-mcq:soft-tissue-injuries","1","evidence_consistency: Low textual support from the linked guideline excerpt for the keyed option/explanation (content overlap 0%). The question tests management but the linked guideline excerpt addresses a different type of claim."
"guideline-mcq:Compartment-syndrome:-diagnosis-and-emergency-management","0","evidence_consistency: The question tests diagnosis but the linked guideline excerpt addresses a different type of claim."
"paper-mcq:compartment-syndrome-diagnosis-and-emergency-management","0","evidence_consistency: Low textual support from the linked guideline excerpt for the keyed option/explanation (content overlap 9%)."
"paper-mcq:compartment-syndrome-diagnosis-and-emergency-management","1","evidence_consistency: Low textual support from the linked guideline excerpt for the keyed option/explanation (content overlap 5%)."
"paper-mcq:compartment-syndrome-diagnosis-and-emergency-management","2","evidence_consistency: Low textual support from the linked guideline excerpt for the keyed option/explanation (content overlap 6%). Numeric recommendation absent from the linked guideline excerpt: 6 hours."
"guideline-mcq:complex-regional-pain-syndrome","1","evidence_consistency: The question tests dose, management but the linked guideline excerpt addresses a different type of claim."
"guideline-mcq:complex-regional-pain-syndrome","2","evidence_consistency: The question tests management but the linked guideline excerpt addresses a different type of claim."
"guideline-mcq:complex-regional-pain-syndrome","3","evidence_consistency: Low textual support from the linked guideline excerpt for the keyed option/explanation (content overlap 15%)."
"guideline-mcq:complicated-intra-abdominal-infection-source-control-and-duration","3","evidence_consistency: Low textual support from the linked guideline excerpt for the keyed option/explanation (content overlap 13%). Reference year(s) do not match the linked guideline excerpt (2012 vs 2019, 2024)."
"guideline-mcq:congenital-adrenal-hyperplasia-21-hydroxylase-deficiency-glucocorticoid-replacement","2","evidence_consistency: Low textual support from the linked guideline excerpt for the keyed option/explanation (content overlap 12%). The question tests diagnosis but the linked guideline excerpt addresses a different type of claim."
"guideline-mcq:congenital-adrenal-hyperplasia-21-hydroxylase-deficiency-glucocorticoid-replacement","3","evidence_consistency: Low textual support from the linked guideline excerpt for the keyed option/explanation (content overlap 13%). The question tests dose, screening but the linked guideline excerpt addresses a different type of claim."
"curated-mcq:congenital adrenal hyperplasia 21-hydroxylase deficiency glucocorticoid replacement","2","evidence_consistency: The question tests dose but the linked guideline excerpt addresses a different type of claim."
"cold-start-mcq:failure-to-thrive","3","evidence_consistency: Low textual support from the linked guideline excerpt for the keyed option/explanation (content overlap 10%)."
"paper-mcq:adrenal-crisis-hydrocortisone-emergency-protocol-trigger-avoidance-sick-day-rules","2","evidence_consistency: Low textual support from the linked guideline excerpt for the keyed option/explanation (content overlap 11%)."
"paper-mcq:adrenal-crisis-hydrocortisone-emergency-protocol-trigger-avoidance-sick-day-rules","3","evidence_consistency: Low textual support from the linked guideline excerpt for the keyed option/explanation (content overlap 3%)."
"paper-mcq:congenital-adrenal-hyperplasia-21-hydroxylase-deficiency-glucocorticoid-replacement","1","evidence_consistency: Low textual support from the linked guideline excerpt for the keyed option/explanation (content overlap 13%)."
"paper-mcq:congenital-adrenal-hyperplasia-21-hydroxylase-deficiency-glucocorticoid-replacement","2","evidence_consistency: Low textual support from the linked guideline excerpt for the keyed option/explanation (content overlap 11%)."
"paper-mcq:congenital-adrenal-hyperplasia-21-hydroxylase-deficiency-glucocorticoid-replacement","3","evidence_consistency: Low textual support from the linked guideline excerpt for the keyed option/explanation (content overlap 13%). The question tests diagnosis, management but the linked guideline excerpt addresses a different type of claim."
"guideline-mcq:conservative-management-of-ckd","0","evidence_consistency: Low textual support from the linked guideline excerpt for the keyed option/explanation (content overlap 8%). Numeric recommendation absent from the linked guideline excerpt: 0.6 g."
"guideline-mcq:conservative-management-of-ckd","1","evidence_consistency: Low textual support from the linked guideline excerpt for the keyed option/explanation (content overlap 4%). Numeric recommendation absent from the linked guideline excerpt: 10 g."
"guideline-mcq:conservative-management-of-ckd","3","evidence_consistency: Low textual support from the linked guideline excerpt for the keyed option/explanation (content overlap 13%)."
"guideline-mcq:uraemic-complications","0","evidence_consistency: Low textual support from the linked guideline excerpt for the keyed option/explanation (content overlap 8%). Reference year(s) do not match the linked guideline excerpt (2023 vs 2018, 2026)."
"guideline-mcq:Conservative-oxygen-therapy-in-mechanically-ventilated-patie","0","evidence_consistency: Low textual support from the linked guideline excerpt for the keyed option/explanation (content overlap 13%). The question tests management but the linked guideline excerpt addresses a different type of claim."
"guideline-mcq:Conservative-oxygen-therapy-in-mechanically-ventilated-patie","1","evidence_consistency: The question tests management but the linked guideline excerpt addresses a different type of claim."
"guideline-mcq:Conservative-oxygen-therapy-in-mechanically-ventilated-patie","2","evidence_consistency: Low textual support from the linked guideline excerpt for the keyed option/explanation (content overlap 5%). The question tests management but the linked guideline excerpt addresses a different type of claim."
"paper-mcq:ards-guidelines","2","evidence_consistency: Low textual support from the linked guideline excerpt for the keyed option/explanation (content overlap 6%). The question tests management, prognosis but the linked guideline excerpt addresses a different type of claim."
"guideline-mcq:conservative-versus-liberal-fluid-strategy-in-ards-factt-trial","0","evidence_consistency: Low textual support from the linked guideline excerpt for the keyed option/explanation (content overlap 6%). The question tests dose, management but the linked guideline excerpt addresses a different type of claim. Reference year(s) do not match the linked guideline excerpt (2006 vs 2024, 2025)."
"guideline-mcq:conservative-versus-liberal-fluid-strategy-in-ards-factt-trial","3","evidence_consistency: Low textual support from the linked guideline excerpt for the keyed option/explanation (content overlap 10%). The question tests dose, management but the linked guideline excerpt addresses a different type of claim."
"curated-mcq:constipation and pelvic floor disorders","12","evidence_consistency: The question tests management but the linked guideline excerpt addresses a different type of claim."
"paper-mcq:gastrointestinal-motility-and-dysmotility-overview","4","evidence_consistency: Low textual support from the linked guideline excerpt for the keyed option/explanation (content overlap 7%)."
"guideline-mcq:constipation-and-pelvic-floor-disorders","0","evidence_consistency: The question tests management but the linked guideline excerpt addresses a different type of claim."
"guideline-mcq:constipation-and-pelvic-floor-disorders","3","evidence_consistency: Low textual support from the linked guideline excerpt for the keyed option/explanation (content overlap 14%)."
"guideline-mcq:constrictive-pericarditis-haemodynamic-features-pericardiectomy-indications","3","evidence_consistency: Low textual support from the linked guideline excerpt for the keyed option/explanation (content overlap 15%)."
"cold-start-mcq:eczema","3","evidence_consistency: Low textual support from the linked guideline excerpt for the keyed option/explanation (content overlap 13%). The question tests diagnosis, management but the linked guideline excerpt addresses a different type of claim."
"paper-mcq:contact-dermatitis-irritant-vs-allergic-patch-testing-and-management","0","evidence_consistency: Low textual support from the linked guideline excerpt for the keyed option/explanation (content overlap 0%)."
"paper-mcq:contact-dermatitis-irritant-vs-allergic-patch-testing-and-management","1","evidence_consistency: Low textual support from the linked guideline excerpt for the keyed option/explanation (content overlap 0%). The question tests diagnosis but the linked guideline excerpt addresses a different type of claim. Numeric recommendation absent from the linked guideline excerpt: 48 hours, 7 days, 96 hours."
"paper-mcq:contact-dermatitis-irritant-vs-allergic-patch-testing-and-management","2","evidence_consistency: Low textual support from the linked guideline excerpt for the keyed option/explanation (content overlap 2%). The question tests diagnosis but the linked guideline excerpt addresses a different type of claim."
"paper-mcq:contact-dermatitis-irritant-vs-allergic-patch-testing-and-management","3","evidence_consistency: Low textual support from the linked guideline excerpt for the keyed option/explanation (content overlap 3%). The question tests diagnosis, management but the linked guideline excerpt addresses a different type of claim."
"guideline-mcq:Contact-dermatitis:-irritant-vs-allergic,-patch-testing-and-","0","evidence_consistency: Low textual support from the linked guideline excerpt for the keyed option/explanation (content overlap 0%). The question tests diagnosis but the linked guideline excerpt addresses a different type of claim."
"guideline-mcq:Contact-dermatitis:-irritant-vs-allergic,-patch-testing-and-","1","evidence_consistency: Low textual support from the linked guideline excerpt for the keyed option/explanation (content overlap 0%). The question tests diagnosis but the linked guideline excerpt addresses a different type of claim."
"guideline-mcq:Contact-dermatitis:-irritant-vs-allergic,-patch-testing-and-","2","evidence_consistency: Low textual support from the linked guideline excerpt for the keyed option/explanation (content overlap 6%). The question tests diagnosis, management but the linked guideline excerpt addresses a different type of claim."
"guideline-mcq:continuous-eeg-monitoring-in-the-icu-non-convulsive-status-epilepticus","0","evidence_consistency: Low textual support from the linked guideline excerpt for the keyed option/explanation (content overlap 2%). The question tests management, screening but the linked guideline excerpt addresses a different type of claim."
"guideline-mcq:continuous-eeg-monitoring-in-the-icu-non-convulsive-status-epilepticus","1","evidence_consistency: Low textual support from the linked guideline excerpt for the keyed option/explanation (content overlap 3%). The question tests management, screening but the linked guideline excerpt addresses a different type of claim. Numeric recommendation absent from the linked guideline excerpt: 24 hours."
"guideline-mcq:continuous-eeg-monitoring-in-the-icu-non-convulsive-status-epilepticus","2","evidence_consistency: Low textual support from the linked guideline excerpt for the keyed option/explanation (content overlap 5%). The question tests management, screening but the linked guideline excerpt addresses a different type of claim."
"guideline-mcq:continuous-eeg-monitoring-in-the-icu-non-convulsive-status-epilepticus","3","evidence_consistency: Low textual support from the linked guideline excerpt for the keyed option/explanation (content overlap 0%). The question tests screening but the linked guideline excerpt addresses a different type of claim. Numeric recommendation absent from the linked guideline excerpt: 24 hours."
"paper-mcq:continuous-glucose-monitoring-cgm-time-in-range-targets-hybrid-closed-loop","4","evidence_consistency: The explanation admits inference, extrapolation, or incomplete source support. Low textual support from the linked guideline excerpt for the keyed option/explanation (content overlap 14%)."
"guideline-mcq:type-1-diabetes-intensive-glycemic-control","0","evidence_consistency: Reference year(s) do not match the linked guideline excerpt (2012, 2016 vs 2026)."
"guideline-mcq:type-1-diabetes-intensive-glycemic-control","1","evidence_consistency: Low textual support from the linked guideline excerpt for the keyed option/explanation (content overlap 9%). Reference year(s) do not match the linked guideline excerpt (2025 vs 2023)."
"cold-start-mcq:continuous-glucose-monitoring-cgm-time-in-range-targets-hybrid-closed-loop","0","evidence_consistency: Low textual support from the linked guideline excerpt for the keyed option/explanation (content overlap 10%). The question tests management but the linked guideline excerpt addresses a different type of claim."
"cold-start-mcq:continuous-glucose-monitoring-cgm-time-in-range-targets-hybrid-closed-loop","1","evidence_consistency: Low textual support from the linked guideline excerpt for the keyed option/explanation (content overlap 2%). Numeric recommendation absent from the linked guideline excerpt: 2 hours."
"cold-start-mcq:outpatient-diabetes-control","4","evidence_consistency: Low textual support from the linked guideline excerpt for the keyed option/explanation (content overlap 8%). The question tests management but the linked guideline excerpt addresses a different type of claim. Numeric recommendation absent from the linked guideline excerpt: 670G."
"guideline-mcq:continuous-glucose-monitoring-in-diabetes","0","evidence_consistency: Low textual support from the linked guideline excerpt for the keyed option/explanation (content overlap 14%). Numeric recommendation absent from the linked guideline excerpt: 4 weeks. Reference year(s) do not match the linked guideline excerpt (2008 vs 2020, 2024)."
"guideline-mcq:continuous-renal-replacement-therapy","0","evidence_consistency: Numeric recommendation absent from the linked guideline excerpt: 0.35 mmol."
"guideline-mcq:continuous-renal-replacement-therapy","2","evidence_consistency: Low textual support from the linked guideline excerpt for the keyed option/explanation (content overlap 12%)."
"guideline-mcq:continuous-renal-replacement-therapy-cvvh-cvvhd-cvvhdf-modes-and-prescription","1","evidence_consistency: Low textual support from the linked guideline excerpt for the keyed option/explanation (content overlap 14%)."
"guideline-mcq:continuous-renal-replacement-therapy-cvvh-cvvhd-cvvhdf-modes-and-prescription","3","evidence_consistency: Low textual support from the linked guideline excerpt for the keyed option/explanation (content overlap 12%). Numeric recommendation absent from the linked guideline excerpt: 142 mEq."
"paper-mcq:continuous-renal-replacement-therapy","0","evidence_consistency: Low textual support from the linked guideline excerpt for the keyed option/explanation (content overlap 9%). The question tests prognosis but the linked guideline excerpt addresses a different type of claim."
"paper-mcq:continuous-renal-replacement-therapy","1","evidence_consistency: Low textual support from the linked guideline excerpt for the keyed option/explanation (content overlap 12%)."
"paper-mcq:continuous-renal-replacement-therapy-cvvh-cvvhd-cvvhdf-modes-and-prescription","0","evidence_consistency: Low textual support from the linked guideline excerpt for the keyed option/explanation (content overlap 3%). Numeric recommendation absent from the linked guideline excerpt: 19 hours, 28 hours, 37 hours."
"paper-mcq:continuous-renal-replacement-therapy-cvvh-cvvhd-cvvhdf-modes-and-prescription","1","evidence_consistency: Low textual support from the linked guideline excerpt for the keyed option/explanation (content overlap 3%). Numeric recommendation absent from the linked guideline excerpt: 48 hours."
"paper-mcq:continuous-renal-replacement-therapy-cvvh-cvvhd-cvvhdf-modes-and-prescription","2","evidence_consistency: Low textual support from the linked guideline excerpt for the keyed option/explanation (content overlap 2%)."
"paper-mcq:continuous-renal-replacement-therapy-cvvh-cvvhd-cvvhdf-modes-and-prescription","3","evidence_consistency: Low textual support from the linked guideline excerpt for the keyed option/explanation (content overlap 2%). Numeric recommendation absent from the linked guideline excerpt: 19 hours, 37 hours."
"paper-mcq:acute-asthma-and-copd-exacerbations","0","evidence_consistency: Low textual support from the linked guideline excerpt for the keyed option/explanation (content overlap 0%)."
"paper-mcq:acute-asthma-and-copd-exacerbations","1","evidence_consistency: Low textual support from the linked guideline excerpt for the keyed option/explanation (content overlap 13%)."
"paper-mcq:acute-asthma-and-copd-exacerbations","2","evidence_consistency: Low textual support from the linked guideline excerpt for the keyed option/explanation (content overlap 0%)."
"guideline-mcq:copd-diagnosis-and-staging","0","evidence_consistency: Reference year(s) do not match the linked guideline excerpt (2023 vs 2024)."
"guideline-mcq:copd-diagnosis-and-staging","1","evidence_consistency: Reference year(s) do not match the linked guideline excerpt (2023 vs 2024)."
"guideline-mcq:copd-diagnosis-and-staging","2","evidence_consistency: Reference year(s) do not match the linked guideline excerpt (2023 vs 2024)."
"guideline-mcq:copd-diagnosis-and-staging","3","evidence_consistency: Reference year(s) do not match the linked guideline excerpt (2023 vs 2024)."
"paper-mcq:vapor-gas-dust-and-fume-exposures","0","evidence_consistency: Low textual support from the linked guideline excerpt for the keyed option/explanation (content overlap 9%)."
"cold-start-mcq:copd-diagnosis-and-staging","1","evidence_consistency: Low textual support from the linked guideline excerpt for the keyed option/explanation (content overlap 12%)."
"cold-start-mcq:copd-diagnosis-and-staging","3","evidence_consistency: Low textual support from the linked guideline excerpt for the keyed option/explanation (content overlap 13%)."
"cold-start-mcq:copd-diagnosis-and-staging","4","evidence_consistency: Low textual support from the linked guideline excerpt for the keyed option/explanation (content overlap 8%)."
"guideline-mcq:gold-copd-strategies","3","evidence_consistency: Low textual support from the linked guideline excerpt for the keyed option/explanation (content overlap 12%). The question tests management but the linked guideline excerpt addresses a different type of claim. Numeric recommendation absent from the linked guideline excerpt: 18 months. Reference year(s) do not match the linked guideline excerpt (2024 vs 2019)."
"cold-start-mcq:noninvasive-ventilation-for-copd-hypercapnic-failure","3","evidence_consistency: Low textual support from the linked guideline excerpt for the keyed option/explanation (content overlap 4%)."
"cold-start-mcq:oxygen-therapy-targets-in-copd","0","evidence_consistency: Low textual support from the linked guideline excerpt for the keyed option/explanation (content overlap 7%)."
"paper-mcq:copd","2","evidence_consistency: Low textual support from the linked guideline excerpt for the keyed option/explanation (content overlap 9%). The question tests management, prognosis but the linked guideline excerpt addresses a different type of claim."
"paper-mcq:copd","3","evidence_consistency: Low textual support from the linked guideline excerpt for the keyed option/explanation (content overlap 13%). The question tests management, prognosis but the linked guideline excerpt addresses a different type of claim."
"paper-mcq:copd","4","evidence_consistency: The explanation admits inference, extrapolation, or incomplete source support. Low textual support from the linked guideline excerpt for the keyed option/explanation (content overlap 3%). The question tests management, prognosis but the linked guideline excerpt addresses a different type of claim."
"guideline-mcq:COPD-maintenance-bronchodilator-combination-therapy","1","evidence_consistency: The question tests management, prognosis but the linked guideline excerpt addresses a different type of claim."
"cold-start-mcq:copd-exacerbation","2","evidence_consistency: Low textual support from the linked guideline excerpt for the keyed option/explanation (content overlap 8%). The question tests diagnosis, management, prognosis but the linked guideline excerpt addresses a different type of claim."
"guideline-mcq:copd-maintenance-bronchodilator-combination-therapy","1","evidence_consistency: Low textual support from the linked guideline excerpt for the keyed option/explanation (content overlap 9%). The question tests management, prognosis but the linked guideline excerpt addresses a different type of claim."
"guideline-mcq:acute-exacerbation-of-copd","1","evidence_consistency: Low textual support from the linked guideline excerpt for the keyed option/explanation (content overlap 14%). The question tests management, prognosis but the linked guideline excerpt addresses a different type of claim."
"cold-start-mcq:acute-exacerbation-of-copd","1","evidence_consistency: Low textual support from the linked guideline excerpt for the keyed option/explanation (content overlap 14%)."
"cold-start-mcq:acute-asthma-exacerbation","1","evidence_consistency: Low textual support from the linked guideline excerpt for the keyed option/explanation (content overlap 12%)."
"cold-start-mcq:acute-asthma-exacerbation","3","evidence_consistency: Low textual support from the linked guideline excerpt for the keyed option/explanation (content overlap 15%)."
"cold-start-mcq:acute-copd-exacerbation","0","evidence_consistency: Low textual support from the linked guideline excerpt for the keyed option/explanation (content overlap 7%). The question tests prognosis but the linked guideline excerpt addresses a different type of claim."
"cold-start-mcq:acute-copd-exacerbation","2","evidence_consistency: The question tests prognosis but the linked guideline excerpt addresses a different type of claim."
"cold-start-mcq:acute-copd-exacerbation","3","evidence_consistency: Low textual support from the linked guideline excerpt for the keyed option/explanation (content overlap 8%). The question tests management but the linked guideline excerpt addresses a different type of claim."
"guideline-mcq:acute-asthma-exacerbation","1","evidence_consistency: Low textual support from the linked guideline excerpt for the keyed option/explanation (content overlap 10%). The question tests dose but the linked guideline excerpt addresses a different type of claim. Reference year(s) do not match the linked guideline excerpt (2025 vs 2022)."
"cold-start-mcq:ischaemic-heart-disease","3","evidence_consistency: Low textual support from the linked guideline excerpt for the keyed option/explanation (content overlap 10%). The question tests prognosis but the linked guideline excerpt addresses a different type of claim."
"paper-mcq:acute-asthma-and-copd-exacerbations","3","evidence_consistency: Low textual support from the linked guideline excerpt for the keyed option/explanation (content overlap 6%)."
"cold-start-mcq:copd-management","3","evidence_consistency: The question tests prognosis but the linked guideline excerpt addresses a different type of claim."
"cold-start-mcq:gold-copd-strategies","1","evidence_consistency: The question tests prognosis but the linked guideline excerpt addresses a different type of claim."
"cold-start-mcq:gold-copd-strategies","3","evidence_consistency: Low textual support from the linked guideline excerpt for the keyed option/explanation (content overlap 15%). The question tests prognosis but the linked guideline excerpt addresses a different type of claim."
"cold-start-mcq:noninvasive-ventilation-for-copd-hypercapnic-failure","1","evidence_consistency: Low textual support from the linked guideline excerpt for the keyed option/explanation (content overlap 4%)."
"cold-start-mcq:oxygen-therapy-targets-in-copd","1","evidence_consistency: Low textual support from the linked guideline excerpt for the keyed option/explanation (content overlap 5%)."
"cold-start-mcq:oxygen-therapy-targets-in-copd","3","evidence_consistency: Low textual support from the linked guideline excerpt for the keyed option/explanation (content overlap 10%)."
"cold-start-mcq:copd-exacerbation","1","evidence_consistency: Low textual support from the linked guideline excerpt for the keyed option/explanation (content overlap 4%)."
"guideline-mcq:acute-exacerbation-of-copd","3","evidence_consistency: Low textual support from the linked guideline excerpt for the keyed option/explanation (content overlap 14%)."
